Guid,MasterRecordId,Name,Type,ParentId,BillingStreet,BillingCity,BillingState,BillingPostalCode,BillingCountry,BillingStateCode,BillingCountryCode,BillingLatitude,BillingLongitude,BillingGeocodeAccuracy,ShippingStreet,ShippingCity,ShippingState,ShippingPostalCode,ShippingCountry,ShippingStateCode,ShippingCountryCode,ShippingLatitude,ShippingLongitude,ShippingGeocodeAccuracy,Phone,AccountNumber,Website,Industry,NumberOfEmployees,Ownership,Description,CurrencyIsoCode,IsPartner,IsCustomerPortal,Jigsaw,AccountSource,SicDesc,SBQQ__ContractCoTermination__c,SBQQ__RenewalModel__c,SBQQ__RenewalPricingMethod__c,SBQQ__TaxExempt__c,SBQQ__AssetQuantitiesCombined__c,SBQQ__CoTermedContractsCombined__c,SBQQ__DefaultOpportunity__c,SBQQ__IgnoreParentContractedPrices__c,SBQQ__PreserveBundle__c,SBQQ__PriceHoldEnd__c,SBQQ__CoTerminationEvent__c
01c23d14-0ae4-4bfa-96d3-0f1c03cee128,#N/A,Zoonoodle,Prospect,#N/A,1 Nationwide Plz,Columbus,OH,43215-2226,United States,#N/A,#N/A,#N/A,#N/A,#N/A,P.O. BOX 182171,Columbus,OH,43218-2171,US,#N/A,#N/A,#N/A,#N/A,#N/A,1.614.249.7111,#N/A,#N/A,Media,#N/A,#N/A,Polimarc Inc. is the leader in Media in Columbus,#N/A,#N/A,false,#N/A,#N/A,#N/A,Never,Contract Based,Same,No,false,false,#N/A,false,true,#N/A,#N/A
04239a23-58bf-478e-80f3-3e3c8d8c08b9,#N/A,Browsebug,Customer,efde0613-0606-490f-a795-14d7f5dd98c5,600 N Dairy Ashford Rd,Houston,TX,77079-1100,United States,#N/A,#N/A,#N/A,#N/A,#N/A,P.O. BOX 2197,Houston,TX,77252-2197,US,#N/A,#N/A,#N/A,#N/A,#N/A,1.281.293.1000,#N/A,#N/A,Technology,#N/A,#N/A,"Optimetrics, LLC is the leader in Technology in Houston",#N/A,#N/A,false,#N/A,#N/A,#N/A,Never,Contract Based,Same,No,false,false,#N/A,false,true,#N/A,#N/A
0523f3d3-f9dc-48c3-9475-d2846239f3d1,#N/A,KFC,Customer,#N/A,#N/A,#N/A,#N/A,#N/A,#N/A,#N/A,#N/A,#N/A,#N/A,#N/A,#N/A,#N/A,#N/A,#N/A,#N/A,#N/A,#N/A,#N/A,#N/A,#N/A,#N/A,#N/A,#N/A,Restaurant,500,#N/A,#N/A,#N/A,#N/A,false,#N/A,#N/A,#N/A,Never,Contract Based,Same,No,false,false,#N/A,false,true,#N/A,#N/A
0559b0b9-f82f-462c-866f-ee5ec093adc5,#N/A,Skinte,Customer,#N/A,9900 Bren Rd E Ste 300w,Minnetonka,MN,55343-9693,United States,#N/A,#N/A,#N/A,#N/A,#N/A,P.O. BOX 1459,Minneapolis,MN,55440-1459,US,#N/A,#N/A,#N/A,#N/A,#N/A,1.952.936.1300,#N/A,#N/A,Shipping,#N/A,#N/A,"Input, Inc. is the leader in Shipping in Minnetonka",#N/A,#N/A,false,#N/A,#N/A,#N/A,Never,Contract Based,Same,No,false,false,#N/A,false,true,#N/A,#N/A
07cee3e5-e10a-4f46-8e51-45139e16872f,#N/A,Pixope,Prospect,#N/A,50137 Brickson Park Alley,Savannah,GA,31410,United States,#N/A,#N/A,#N/A,#N/A,#N/A,#N/A,#N/A,#N/A,#N/A,#N/A,#N/A,#N/A,#N/A,#N/A,#N/A,#N/A,#N/A,#N/A,Consulting,#N/A,#N/A,#N/A,#N/A,#N/A,false,#N/A,#N/A,#N/A,Never,Contract Based,Same,No,false,false,#N/A,false,true,#N/A,#N/A
0877a566-c2a3-4c82-9bc2-9d651a1a7452,#N/A,Oozz,Customer,#N/A,170 W Tasman Dr,San Jose,CA,95134-1706,United States,#N/A,#N/A,#N/A,#N/A,#N/A,#N/A,#N/A,#N/A,#N/A,#N/A,#N/A,#N/A,#N/A,#N/A,#N/A,1.408.526.4000,#N/A,#N/A,Higher Education,#N/A,#N/A,Franklin Research College is the leader in Higher Education in San Jose,#N/A,#N/A,false,#N/A,#N/A,#N/A,Never,Contract Based,Same,No,false,false,#N/A,false,true,#N/A,#N/A
0887b261-a990-4a48-a958-0dc13e1c5131,#N/A,Pizza Hut,Prospect,#N/A,#N/A,#N/A,#N/A,#N/A,#N/A,#N/A,#N/A,#N/A,#N/A,#N/A,#N/A,#N/A,#N/A,#N/A,#N/A,#N/A,#N/A,#N/A,#N/A,#N/A,#N/A,#N/A,#N/A,Restaurant,#N/A,#N/A,#N/A,#N/A,#N/A,false,#N/A,#N/A,#N/A,Never,Contract Based,Same,No,false,false,#N/A,false,true,#N/A,#N/A
0938a1cc-70d6-4bcd-b7d7-890a7891544d,#N/A,Photolist,Customer,#N/A,18 Hillside Rd,Avoca Beach,NSW,2251,Australia,#N/A,#N/A,#N/A,#N/A,#N/A,18 Hillside Rd,Avoca Beach,NSW,2251,Australia,#N/A,#N/A,#N/A,#N/A,#N/A,(02) 7233 8627,#N/A,#N/A,Healthcare,#N/A,#N/A,CL North is the leader in Healthcare in Avoca Beach,#N/A,#N/A,false,#N/A,#N/A,#N/A,Never,Contract Based,Same,No,false,false,#N/A,false,true,#N/A,#N/A
0ac1f6e6-8143-4f40-989f-f1a8e10f8c42,#N/A,Vitz,Customer,#N/A,3135 Easton Tpke,Fairfield,CT,06828-0001,United States,#N/A,#N/A,#N/A,#N/A,#N/A,#N/A,#N/A,#N/A,#N/A,#N/A,#N/A,#N/A,#N/A,#N/A,#N/A,1.203.373.2211,#N/A,#N/A,Technology,#N/A,#N/A,"Signal Processing, LLC is the leader in Technology in Fairfield",#N/A,#N/A,false,#N/A,#N/A,#N/A,Never,Contract Based,Same,No,false,false,#N/A,false,true,#N/A,#N/A
0fb4f72a-97f5-4c3f-99f6-250c336a8e34,#N/A,Dabtype,Prospect,#N/A,5678 Victory Rd,Brighton,Colorado,80020,USA,#N/A,#N/A,#N/A,#N/A,#N/A,#N/A,#N/A,#N/A,#N/A,#N/A,#N/A,#N/A,#N/A,#N/A,#N/A,#N/A,#N/A,#N/A,Machinery,#N/A,#N/A,Alexa Roberts is the leader in Machinery in Brighton,#N/A,#N/A,false,#N/A,#N/A,#N/A,Never,Contract Based,Same,No,false,false,#N/A,false,true,#N/A,#N/A
106c6e97-f1b8-4550-9af5-3bb6a8581601,#N/A,Gabtype,Customer,#N/A,1 American Rd,Dearborn,MI,48126-2701,United States,#N/A,#N/A,#N/A,#N/A,#N/A,P.O. BOX 685,Dearborn,MI,48121-0685,US,#N/A,#N/A,#N/A,#N/A,#N/A,1.313.322.3000,#N/A,#N/A,Energy,#N/A,#N/A,"Tension, Inc. is the leader in Energy in Dearborn",#N/A,#N/A,false,#N/A,#N/A,#N/A,Never,Contract Based,Same,No,false,false,#N/A,false,true,#N/A,#N/A
10f4e9b4-25b7-491c-baf8-f91fe338fe9b,#N/A,Fliptune,Customer,#N/A,8111 Westchester Dr # 600,Dallas,TX,75225-6142,United States,#N/A,#N/A,#N/A,#N/A,#N/A,#N/A,#N/A,#N/A,#N/A,#N/A,#N/A,#N/A,#N/A,#N/A,#N/A,1.214.981.0700,#N/A,#N/A,Media,#N/A,#N/A,Mammoth Pictures is the leader in Media in Dallas,#N/A,#N/A,false,#N/A,#N/A,#N/A,Never,Contract Based,Same,No,false,false,#N/A,false,true,#N/A,#N/A
1131bb81-2f20-4695-8cda-9aac8653467c,#N/A,Shufflester,Prospect,#N/A,1000 Nicollet Mall,Minneapolis,MN,55403-2542,United States,#N/A,#N/A,#N/A,#N/A,#N/A,P.O. BOX 81226,#N/A,#N/A,#N/A,#N/A,#N/A,#N/A,#N/A,#N/A,#N/A,1.612.304.6073,#N/A,#N/A,Services,#N/A,#N/A,"Equality Consulting, LLC is the leader in Services in Minneapolis",#N/A,#N/A,false,#N/A,#N/A,#N/A,Never,Contract Based,Same,No,false,false,#N/A,false,true,#N/A,#N/A
11680257-4ed3-46d6-a847-4689e8ead1fe,#N/A,Dabfeed,Customer,#N/A,300 Chestnut Ridge Road,Bavaria,Munich,#N/A,Germany,#N/A,#N/A,#N/A,#N/A,#N/A,#N/A,#N/A,#N/A,#N/A,#N/A,#N/A,#N/A,#N/A,#N/A,#N/A,#N/A,#N/A,#N/A,Healthcare,#N/A,#N/A,SS North is the leader in Healthcare in Bavaria,#N/A,#N/A,false,#N/A,#N/A,#N/A,Never,Contract Based,Same,No,false,false,#N/A,false,true,#N/A,#N/A
12c64cf2-8245-407d-b6d4-8e3b2194e7fd,#N/A,New Account,#N/A,#N/A,#N/A,#N/A,#N/A,#N/A,#N/A,#N/A,#N/A,#N/A,#N/A,#N/A,#N/A,#N/A,#N/A,#N/A,#N/A,#N/A,#N/A,#N/A,#N/A,#N/A,#N/A,#N/A,#N/A,#N/A,#N/A,#N/A,#N/A,#N/A,#N/A,false,#N/A,#N/A,#N/A,Never,Contract Based,Same,No,false,false,#N/A,false,true,#N/A,#N/A
12ccc815-85d7-4644-b95e-3e550c98c56a,#N/A,Notre Dame University,Prospect,#N/A,#N/A,#N/A,IN,#N/A,#N/A,#N/A,#N/A,#N/A,#N/A,#N/A,#N/A,#N/A,#N/A,#N/A,#N/A,#N/A,#N/A,#N/A,#N/A,#N/A,#N/A,#N/A,#N/A,Education,1309,#N/A,#N/A,#N/A,#N/A,false,#N/A,#N/A,#N/A,Never,Contract Based,Same,No,false,false,#N/A,false,true,#N/A,#N/A
14b333db-207f-4885-bd2a-41669596e161,#N/A,Popeyes,Customer,#N/A,#N/A,#N/A,#N/A,#N/A,#N/A,#N/A,#N/A,#N/A,#N/A,#N/A,#N/A,#N/A,#N/A,#N/A,#N/A,#N/A,#N/A,#N/A,#N/A,#N/A,#N/A,#N/A,#N/A,Restaurant,#N/A,#N/A,#N/A,#N/A,#N/A,false,#N/A,#N/A,#N/A,Never,Contract Based,Same,No,false,false,#N/A,false,true,#N/A,#N/A
18849aff-d930-4d82-8b0b-19ffeb5e82c0,#N/A,Blognation,Customer,#N/A,1 Johnson and Johnson Plz,New Brunswick,NJ,08933-0002,United States,#N/A,#N/A,#N/A,#N/A,#N/A,P.O. BOX 767,Neenah,WI,54957-0767,US,#N/A,#N/A,#N/A,#N/A,#N/A,1.732.524.0400,#N/A,#N/A,Financial Services,#N/A,#N/A,Budgetworks is the leader in Financial Services in New Brunswick,#N/A,#N/A,false,#N/A,#N/A,#N/A,Never,Contract Based,Same,No,false,false,#N/A,false,true,#N/A,#N/A
18973a35-a6a4-4677-80bd-9e68134f50b6,#N/A,Centimia,Customer,#N/A,10 Farm Springs Rd,Farmington,CT,06032-2577,United States,#N/A,#N/A,#N/A,#N/A,#N/A,#N/A,#N/A,#N/A,#N/A,#N/A,#N/A,#N/A,#N/A,#N/A,#N/A,1.860.728.7000,#N/A,#N/A,Transportation,#N/A,#N/A,Tungsten Security Services is the leader in Transportation in Farmington,#N/A,#N/A,false,#N/A,#N/A,#N/A,Never,Contract Based,Same,No,false,false,#N/A,false,true,#N/A,#N/A
18a64b69-ab47-49c4-a92b-245ce84afc35,#N/A,Edgepulse,Customer,#N/A,30 Avenue Montaigne,Paris,Paris,#N/A,France,#N/A,#N/A,#N/A,#N/A,#N/A,#N/A,#N/A,#N/A,#N/A,#N/A,#N/A,#N/A,#N/A,#N/A,#N/A,#N/A,#N/A,#N/A,Healthcare,#N/A,#N/A,St. Francis South Side is the leader in Healthcare in Paris,#N/A,#N/A,false,#N/A,#N/A,#N/A,Never,Contract Based,Same,No,false,false,#N/A,false,true,#N/A,#N/A
1e27a0f8-eb8c-4d92-a06d-87427627b543,#N/A,Meembee,Customer,#N/A,1 Canada Square,Canary Wharf,London,E14 5AJ,United Kingdom,#N/A,#N/A,#N/A,#N/A,#N/A,#N/A,#N/A,#N/A,#N/A,#N/A,#N/A,#N/A,#N/A,#N/A,#N/A,#N/A,#N/A,#N/A,Healthcare,#N/A,#N/A,St. Francis Hospital is the leader in Healthcare in Canary Wharf,#N/A,#N/A,false,#N/A,#N/A,#N/A,Never,Contract Based,Same,No,false,false,#N/A,false,true,#N/A,#N/A
1e7201f0-3122-4f6d-93f7-6e3a536798c7,#N/A,Noba,Customer,#N/A,6001 Bollinger Canyon Rd,San Ramon,CA,94583-2324,United States,#N/A,#N/A,#N/A,#N/A,#N/A,#N/A,#N/A,#N/A,#N/A,#N/A,#N/A,#N/A,#N/A,#N/A,#N/A,1.925.842.1000,#N/A,#N/A,Technology,#N/A,#N/A,Audioshore is the leader in Technology in San Ramon,#N/A,#N/A,false,#N/A,#N/A,#N/A,Never,Contract Based,Same,No,false,false,#N/A,false,true,#N/A,#N/A
1fc673dd-e5c8-4c1e-88c2-a27fd4edf171,#N/A,Linklinks,Prospect,#N/A,336 Erie Plaza,Pueblo,CO,81005,United States,#N/A,#N/A,#N/A,#N/A,#N/A,#N/A,#N/A,#N/A,#N/A,#N/A,#N/A,#N/A,#N/A,#N/A,#N/A,#N/A,#N/A,#N/A,Utilities,#N/A,#N/A,#N/A,#N/A,#N/A,false,#N/A,#N/A,#N/A,Never,Contract Based,Same,No,false,false,#N/A,false,true,#N/A,#N/A
1fdd685c-3350-4d8c-b3a2-b46f52a5dd1a,#N/A,Thoughtsphere,Prospect,#N/A,0526 Hauk Plaza,Lafayette,IN,47905,United States,#N/A,#N/A,#N/A,#N/A,#N/A,#N/A,#N/A,#N/A,#N/A,#N/A,#N/A,#N/A,#N/A,#N/A,#N/A,#N/A,#N/A,#N/A,Energy,#N/A,#N/A,#N/A,#N/A,#N/A,false,#N/A,#N/A,#N/A,Never,Contract Based,Same,No,false,false,#N/A,false,true,#N/A,#N/A
2095f251-f2c9-4527-a8be-abcac6a29ebd,#N/A,Zoombox,Customer,#N/A,200 George Street,Sydney,NSW,2000,Australia,#N/A,#N/A,#N/A,#N/A,#N/A,200 George Street,Sydney,NSW,2000,Australia,#N/A,#N/A,#N/A,#N/A,#N/A,(02) 8858 6163,#N/A,#N/A,Machinery,#N/A,#N/A,Corellian Engineering Corporation is the leader in Machinery in Sydney,#N/A,#N/A,false,#N/A,#N/A,#N/A,Never,Contract Based,Same,No,false,false,#N/A,false,true,#N/A,#N/A
20e1375a-5a9e-4ef3-8c84-e09d75d5d562,#N/A,Quatz,Prospect,#N/A,2591 Vidon Court,Houston,TX,77228,United States,#N/A,#N/A,#N/A,#N/A,#N/A,#N/A,#N/A,#N/A,#N/A,#N/A,#N/A,#N/A,#N/A,#N/A,#N/A,#N/A,#N/A,#N/A,Manufacturing,#N/A,#N/A,#N/A,#N/A,#N/A,false,#N/A,#N/A,#N/A,Never,Contract Based,Same,No,false,false,#N/A,false,true,#N/A,#N/A
218bf119-ad62-4668-8e73-b3c500f5bb13,#N/A,Ooba,Customer,#N/A,50 Kerra Way,Docklands,VIC,3008,Australia,#N/A,#N/A,#N/A,#N/A,#N/A,50 Kerra Way,Docklands,VIC,3008,Australia,#N/A,#N/A,#N/A,#N/A,#N/A,(03) 6257 7887,#N/A,#N/A,Media,#N/A,#N/A,Gizmonic Institute is the leader in Media in Docklands,#N/A,#N/A,false,#N/A,#N/A,#N/A,Never,Contract Based,Same,No,false,false,#N/A,false,true,#N/A,#N/A
233af7a8-6b11-434f-854a-41cc85b4c5e7,#N/A,Kwideo,Customer,#N/A,390 Harris Street,Sydney,NSW,2007,Australia,#N/A,#N/A,#N/A,#N/A,#N/A,390 Harris Street,Sydney,NSW,2007,Australia,#N/A,#N/A,#N/A,#N/A,#N/A,(02) 7948 6474,#N/A,#N/A,Energy,#N/A,#N/A,Petrox Oil Company is the leader in Energy in Sydney,#N/A,#N/A,false,#N/A,#N/A,#N/A,Never,Contract Based,Same,No,false,false,#N/A,false,true,#N/A,#N/A
245a82ba-3220-4d32-8404-2b0cf11c61ba,#N/A,Chatterpoint,Customer,#N/A,980 Great West Road,Middlesex,London,#N/A,United Kingdom,#N/A,#N/A,#N/A,#N/A,#N/A,#N/A,#N/A,#N/A,#N/A,#N/A,#N/A,#N/A,#N/A,#N/A,#N/A,#N/A,#N/A,#N/A,Healthcare,#N/A,#N/A,TF South is the leader in Healthcare in Middlesex,#N/A,#N/A,false,#N/A,#N/A,#N/A,Never,Contract Based,Same,No,false,false,#N/A,false,true,#N/A,#N/A
24b3318e-aa5b-43a6-8aa3-e2640b7751ed,#N/A,Voolith,Customer,#N/A,500 S Buena Vista St,Burbank,CA,91521-0007,United States,#N/A,#N/A,#N/A,#N/A,#N/A,#N/A,#N/A,#N/A,#N/A,#N/A,#N/A,#N/A,#N/A,#N/A,#N/A,1.818.560.1000,#N/A,#N/A,Higher Education,#N/A,#N/A,Larsco College is the leader in Higher Education in Burbank,#N/A,#N/A,false,#N/A,#N/A,#N/A,Never,Contract Based,Same,No,false,false,#N/A,false,true,#N/A,#N/A
24e9f70f-c385-4e09-ac7c-95fca549c5f2,#N/A,Twinder,Prospect,#N/A,3000 N Sam Houston Pkwy E,Houston,TX,77032-3299,United States,#N/A,#N/A,#N/A,#N/A,#N/A,#N/A,#N/A,#N/A,#N/A,#N/A,#N/A,#N/A,#N/A,#N/A,#N/A,1.281.871.2699,#N/A,#N/A,Technology,#N/A,#N/A,Systym Vitals is the leader in Technology in Houston,#N/A,#N/A,false,#N/A,#N/A,#N/A,Never,Contract Based,Same,No,false,false,#N/A,false,true,#N/A,#N/A
26866cd5-a63c-4f60-ac6d-bbfc15454a6d,#N/A,Meejo,Customer,#N/A,16 Hinterland Cr,Algester,QLD,4115,Australia,#N/A,#N/A,#N/A,#N/A,#N/A,16 Hinterland Cr,Algester,QLD,4115,Australia,#N/A,#N/A,#N/A,#N/A,#N/A,(07) 6586 8516,#N/A,#N/A,Machinery,#N/A,#N/A,McMahon and Tate is the leader in Machinery in Algester,#N/A,#N/A,false,#N/A,#N/A,#N/A,Never,Contract Based,Same,No,false,false,#N/A,false,true,#N/A,#N/A
2787b426-2ab0-40ed-9bba-054e67a11c0e,#N/A,Photobug,Prospect,#N/A,2 Graceland Street,Bloomington,IN,47405,United States,#N/A,#N/A,#N/A,#N/A,#N/A,#N/A,#N/A,#N/A,#N/A,#N/A,#N/A,#N/A,#N/A,#N/A,#N/A,#N/A,#N/A,#N/A,Manufacturing,#N/A,#N/A,#N/A,#N/A,#N/A,false,#N/A,#N/A,#N/A,Never,Contract Based,Same,No,false,false,#N/A,false,true,#N/A,#N/A
27c8ad18-a950-4731-b762-3360b7101156,#N/A,Bluezoom,Prospect,#N/A,410 Terry Ave N,Seattle,WA,98109-5210,United States,#N/A,#N/A,#N/A,#N/A,#N/A,P.O. BOX 81226,Seattle,WA,98108-1300,US,#N/A,#N/A,#N/A,#N/A,#N/A,1.206.266.1000,#N/A,#N/A,Higher Education,#N/A,#N/A,Heimdall College of Optometry is the leader in Higher Education in Seattle,#N/A,#N/A,false,#N/A,#N/A,#N/A,Never,Contract Based,Same,No,false,false,#N/A,false,true,#N/A,#N/A
2be5173b-2455-4ecc-968d-e622a896cfe2,#N/A,Livefish,Customer,#N/A,Shell Centre,London,#N/A,SE1 7NA,United Kingdom,#N/A,#N/A,#N/A,#N/A,#N/A,#N/A,#N/A,#N/A,#N/A,#N/A,#N/A,#N/A,#N/A,#N/A,#N/A,#N/A,#N/A,#N/A,Electronics,#N/A,#N/A,Videlectrix is the leader in Electronics,#N/A,#N/A,false,#N/A,#N/A,#N/A,Never,Contract Based,Same,No,false,false,#N/A,false,true,#N/A,#N/A
2bf33df0-1ef1-4e67-87f1-4ab40cc4f13f,#N/A,Fanoodle,Prospect,#N/A,51368 Leverkusen,North Rhine-Westphalia,Leverkusen,#N/A,Germany,#N/A,#N/A,#N/A,#N/A,#N/A,#N/A,#N/A,#N/A,#N/A,#N/A,#N/A,#N/A,#N/A,#N/A,#N/A,#N/A,#N/A,#N/A,Banking,#N/A,#N/A,SpringShield is the leader in Banking in North Rhine-Westphalia,#N/A,#N/A,false,#N/A,#N/A,#N/A,Never,Contract Based,Same,No,false,false,#N/A,false,true,#N/A,#N/A
2cba0e46-0694-4509-a74f-7d434086b2ad,#N/A,Myworks,Customer,#N/A,333 Clay St Ste 1600,Houston,TX,77002-4101,United States,#N/A,#N/A,#N/A,#N/A,#N/A,#N/A,#N/A,#N/A,#N/A,#N/A,#N/A,#N/A,#N/A,#N/A,#N/A,1.713.646.4100,#N/A,#N/A,Engineering,#N/A,#N/A,Wentworth Industries is the leader in Engineering in Houston,#N/A,#N/A,false,#N/A,#N/A,#N/A,Never,Contract Based,Same,No,false,false,#N/A,false,true,#N/A,#N/A
318f8995-79ce-4d24-aa2f-078615f83231,#N/A,Realcube,Customer,#N/A,"Via Nizza, 250",Turin,Turin,#N/A,Italy,#N/A,#N/A,#N/A,#N/A,#N/A,#N/A,#N/A,#N/A,#N/A,#N/A,#N/A,#N/A,#N/A,#N/A,#N/A,#N/A,#N/A,#N/A,Healthcare,#N/A,#N/A,TF North is the leader in Healthcare in Turin,#N/A,#N/A,false,#N/A,#N/A,#N/A,Never,Contract Based,Same,No,false,false,#N/A,false,true,#N/A,#N/A
32c87a3c-389d-4063-b28f-0dc183a500aa,#N/A,Mycat,Customer,#N/A,200 Elizabeth Street,Melbourne,VIC,3000,Australia,#N/A,#N/A,#N/A,#N/A,#N/A,200 Elizabeth Street,Melbourne,VIC,3000,Australia,#N/A,#N/A,#N/A,#N/A,#N/A,(03) 7578 7328,#N/A,#N/A,Banking,#N/A,#N/A,Galaxy Corp is the leader in Banking in Melbourne,#N/A,#N/A,false,#N/A,#N/A,#N/A,Never,Contract Based,Same,No,false,false,#N/A,false,true,#N/A,#N/A
32d41f1e-9a6d-4a33-8f7c-89ddfc2deb73,#N/A,Yodel,Customer,#N/A,770 Cochituate Rd Ste 1,Framingham,MA,01701-4698,United States,#N/A,#N/A,#N/A,#N/A,#N/A,P.O. BOX 9133,Framingham,MA,01701-9133,US,#N/A,#N/A,#N/A,#N/A,#N/A,1.508.390.1000,#N/A,#N/A,Consumer Goods,#N/A,#N/A,Prandial Foods is the leader in Consumer Goods in Framingham,#N/A,#N/A,false,#N/A,#N/A,#N/A,Never,Contract Based,Same,No,false,false,#N/A,false,true,#N/A,#N/A
33054ccf-ee83-4e6c-95a1-5415e104c081,#N/A,Wordtune,Prospect,#N/A,1 Infinite Loop,Cupertino,CA,95014-2083,United States,#N/A,#N/A,#N/A,#N/A,#N/A,#N/A,#N/A,#N/A,#N/A,#N/A,#N/A,#N/A,#N/A,#N/A,#N/A,1.408.996.1010,#N/A,#N/A,Transportation,#N/A,#N/A,Sweetwine Car Service is the leader in Transportation in Cupertino,#N/A,#N/A,false,#N/A,#N/A,#N/A,Never,Contract Based,Same,No,false,false,#N/A,false,true,#N/A,#N/A
34358351-a3dd-4cbf-b704-5592c334f51a,#N/A,Oodoo,Customer,#N/A,1501 Page Mill Rd,Palo Alto,CA,94304-1126,United States,#N/A,#N/A,#N/A,#N/A,#N/A,P.O. BOX 10301,Palo Alto,CA,94303-0890,US,#N/A,#N/A,#N/A,#N/A,#N/A,1.650.857.1501,#N/A,#N/A,Automotive,#N/A,#N/A,Kumatsu Motors is the leader in Automotive in Palo Alto,#N/A,#N/A,false,#N/A,#N/A,#N/A,Never,Contract Based,Same,No,false,false,#N/A,false,true,#N/A,#N/A
35b76448-c462-4aba-bd37-c9458b62de7a,#N/A,Cedar Point,Customer,#N/A,#N/A,#N/A,OH,#N/A,#N/A,#N/A,#N/A,#N/A,#N/A,#N/A,#N/A,#N/A,#N/A,#N/A,#N/A,#N/A,#N/A,#N/A,#N/A,#N/A,#N/A,#N/A,#N/A,Entertainment,2600,#N/A,#N/A,#N/A,#N/A,false,#N/A,#N/A,#N/A,Never,Contract Based,Same,No,false,false,#N/A,false,true,#N/A,#N/A
376950b9-6649-4440-a8f2-e3e6d8431ebc,#N/A,Rhycero,Customer,#N/A,10 Wingfield St,Annerley,QLD,4103,Australia,#N/A,#N/A,#N/A,#N/A,#N/A,10 Wingfield St,Annerley,QLD,4103,Australia,#N/A,#N/A,#N/A,#N/A,#N/A,(07) 6433 7486,#N/A,#N/A,Retail,#N/A,#N/A,Chez Quis is the leader in Retail in Annerley,#N/A,#N/A,false,#N/A,#N/A,#N/A,Never,Contract Based,Same,No,false,false,#N/A,false,true,#N/A,#N/A
3801daa2-f959-4117-92ae-3ed302377bdf,#N/A,Trudoo,Customer,#N/A,66 Beckenham St,Canley Vale,NSW,2166,Australia,#N/A,#N/A,#N/A,#N/A,#N/A,66 Beckenham St,Canley Vale,NSW,2166,Australia,#N/A,#N/A,#N/A,#N/A,#N/A,(02) 6548 7709,#N/A,#N/A,Consulting,#N/A,#N/A,Mr. Sparkle is the leader in Consulting in Canley Vale,#N/A,#N/A,false,#N/A,#N/A,#N/A,Never,Contract Based,Same,No,false,false,#N/A,false,true,#N/A,#N/A
3bba1989-e4be-470b-86a7-aa395df7f40a,#N/A,Sample Account for Entitlements,#N/A,#N/A,#N/A,#N/A,#N/A,#N/A,#N/A,#N/A,#N/A,#N/A,#N/A,#N/A,#N/A,#N/A,#N/A,#N/A,#N/A,#N/A,#N/A,#N/A,#N/A,#N/A,1517,#N/A,#N/A,#N/A,#N/A,#N/A,#N/A,#N/A,#N/A,false,#N/A,#N/A,#N/A,Never,Contract Based,Same,No,false,false,#N/A,false,true,#N/A,#N/A
3caa8188-678e-41d3-957a-7390d5dac12d,#N/A,Quimm,Customer,#N/A,900 Cottage Grove Rd,Bloomfield,CT,06002-2920,United States,#N/A,#N/A,#N/A,#N/A,#N/A,#N/A,#N/A,#N/A,#N/A,#N/A,#N/A,#N/A,#N/A,#N/A,#N/A,1.860.226.6000,#N/A,#N/A,Media,#N/A,#N/A,Trek Broadcasting is the leader in Media in Bloomfield,#N/A,#N/A,false,#N/A,#N/A,#N/A,Never,Contract Based,Same,No,false,false,#N/A,false,true,#N/A,#N/A
3de67c83-040e-4e3e-a3da-b352f73043e6,#N/A,Edgetag,Prospect,#N/A,233 S Wacker Dr,Chicago,IL,60606-7147,United States,#N/A,#N/A,#N/A,#N/A,#N/A,29 Noalimba Cr,#N/A,#N/A,#N/A,#N/A,#N/A,#N/A,#N/A,#N/A,#N/A,1.872.825.4000,#N/A,#N/A,Retail,#N/A,#N/A,Realia Home is the leader in Retail in Chicago,#N/A,#N/A,false,#N/A,#N/A,#N/A,Never,Contract Based,Same,No,false,false,#N/A,false,true,#N/A,#N/A
410e52c7-b9de-422c-8c64-c6476218130f,#N/A,Quire,Customer,#N/A,4/81 Doncaster Av,Kensington,NSW,1465,Australia,#N/A,#N/A,#N/A,#N/A,#N/A,4/81 Doncaster Av,Kensington,NSW,1465,Australia,#N/A,#N/A,#N/A,#N/A,#N/A,(02) 6721 8929,#N/A,#N/A,Healthcare,#N/A,#N/A,SB North is the leader in Healthcare in Kensington,#N/A,#N/A,false,#N/A,#N/A,#N/A,Never,Contract Based,Same,No,false,false,#N/A,false,true,#N/A,#N/A
411dfba5-1824-41f5-ae7b-3f9f7e4d572d,#N/A,Vimbo,Prospect,#N/A,1234 Hilltop Road,Broomfield,Colorado,80020,USA,#N/A,#N/A,#N/A,#N/A,#N/A,#N/A,#N/A,#N/A,#N/A,#N/A,#N/A,#N/A,#N/A,#N/A,#N/A,#N/A,#N/A,#N/A,Healthcare,#N/A,#N/A,Rachel Adams is the leader in Healthcare in Broomfield,#N/A,#N/A,false,#N/A,#N/A,#N/A,Never,Contract Based,Same,No,false,false,#N/A,false,true,#N/A,#N/A
42257c21-626b-4e88-801d-ece66b811ce1,#N/A,Skimia,Prospect,#N/A,51 Madison Ave Bsmt 1b,New York,NY,10010-1655,United States,#N/A,#N/A,#N/A,#N/A,#N/A,#N/A,#N/A,#N/A,#N/A,#N/A,#N/A,#N/A,#N/A,#N/A,#N/A,1.212.576.7000,#N/A,#N/A,Healthcare,#N/A,#N/A,Athena Theraputics is the leader in Healthcare in New York,#N/A,#N/A,false,#N/A,#N/A,#N/A,Never,Contract Based,Same,No,false,false,#N/A,false,true,#N/A,#N/A
438a418c-876f-451f-8dca-10bd30b33323,#N/A,Tazz,Customer,#N/A,1 John Deere Pl,Moline,IL,61265-8098,United States,#N/A,#N/A,#N/A,#N/A,#N/A,#N/A,#N/A,#N/A,#N/A,#N/A,#N/A,#N/A,#N/A,#N/A,#N/A,1.309.765.8000,#N/A,#N/A,Technology,#N/A,#N/A,Fastforward Software is the leader in Technology in Moline,#N/A,#N/A,false,#N/A,#N/A,#N/A,Never,Contract Based,Same,No,false,false,#N/A,false,true,#N/A,#N/A
45eeb4db-5154-4aa1-b120-5a2dbd0def2e,#N/A,Topicshots,Prospect,#N/A,1 SW Bowerman Dr,Beaverton,OR,97005-0979,United States,#N/A,#N/A,#N/A,#N/A,#N/A,#N/A,#N/A,#N/A,#N/A,#N/A,#N/A,#N/A,#N/A,#N/A,#N/A,1.503.671.6453,#N/A,#N/A,Technology,#N/A,#N/A,Gadgetron is the leader in Technology in Beaverton,#N/A,#N/A,false,#N/A,#N/A,#N/A,Never,Contract Based,Same,No,false,false,#N/A,false,true,#N/A,#N/A
468f2883-a4a2-4df8-82ed-8d8228f9cd1e,#N/A,Trilith,Customer,#N/A,27 Temple St,Victoria Park,WA,6100,Australia,#N/A,#N/A,#N/A,#N/A,#N/A,27 Temple St,Victoria Park,WA,6100,Australia,#N/A,#N/A,#N/A,#N/A,#N/A,(08) 7764 6096,#N/A,#N/A,Banking,#N/A,#N/A,LexCorp is the leader in Banking in Victoria Park,#N/A,#N/A,false,#N/A,#N/A,#N/A,Never,Contract Based,Same,No,false,false,#N/A,false,true,#N/A,#N/A
498fa26e-6e4e-4ace-b1f6-49f12603af85,#N/A,Topdrive,Prospect,#N/A,539 S Main St,Findlay,OH,45840-3229,United States,#N/A,#N/A,#N/A,#N/A,#N/A,#N/A,#N/A,#N/A,#N/A,#N/A,#N/A,#N/A,#N/A,#N/A,#N/A,1.419.422.2121,#N/A,#N/A,Healthcare,#N/A,#N/A,Claton Gardner Hospital is the leader in Healthcare in Findlay,#N/A,#N/A,false,#N/A,#N/A,#N/A,Never,Contract Based,Same,No,false,false,#N/A,false,true,#N/A,#N/A
4b059cbc-eea8-45fc-8c37-fb4b1e2b0002,#N/A,IHG Hotels & Resorts,Prospect,#N/A,#N/A,#N/A,#N/A,#N/A,#N/A,#N/A,#N/A,#N/A,#N/A,#N/A,#N/A,#N/A,#N/A,#N/A,#N/A,#N/A,#N/A,#N/A,#N/A,#N/A,#N/A,#N/A,#N/A,Hospitality,9636,#N/A,#N/A,#N/A,#N/A,false,#N/A,#N/A,#N/A,Never,Contract Based,Same,No,false,false,#N/A,false,true,#N/A,#N/A
4caef2a9-36d3-4605-aaa6-ad78903a9559,#N/A,Talane,Customer,#N/A,75 Avenue de la Grande Armée,Paris,#N/A,#N/A,France,#N/A,#N/A,#N/A,#N/A,#N/A,#N/A,#N/A,#N/A,#N/A,#N/A,#N/A,#N/A,#N/A,#N/A,#N/A,#N/A,#N/A,#N/A,Shipping,#N/A,#N/A,Universal Export is the leader in Shipping,#N/A,#N/A,false,#N/A,#N/A,#N/A,Never,Contract Based,Same,No,false,false,#N/A,false,true,#N/A,#N/A
4ea4dbe1-6a2e-400d-aaf6-7b16d3e4addd,#N/A,Twitterwire,Customer,#N/A,BC V6T 1A7,Vancouver,BC,#N/A,Canada,#N/A,#N/A,#N/A,#N/A,#N/A,#N/A,#N/A,#N/A,#N/A,#N/A,#N/A,#N/A,#N/A,#N/A,#N/A,#N/A,#N/A,#N/A,Services,#N/A,#N/A,Spade and Archer is the leader in Services in BC,#N/A,#N/A,false,#N/A,#N/A,#N/A,Never,Contract Based,Same,No,false,false,#N/A,false,true,#N/A,#N/A
4ed5c089-8727-49b0-a443-c6b31069938f,#N/A,Bubblemix,Prospect,#N/A,40 Toirram Cr,Cranbourne,VIC,3977,Australia,#N/A,#N/A,#N/A,#N/A,#N/A,40 Toirram Cr,Cranbourne,VIC,3977,Australia,#N/A,#N/A,#N/A,#N/A,#N/A,(03) 7305 6379,#N/A,#N/A,Education,#N/A,#N/A,Monarch Playing Card Co. is the leader in Education in Cranbourne,#N/A,#N/A,false,#N/A,#N/A,#N/A,Never,Contract Based,Same,No,false,false,#N/A,false,true,#N/A,#N/A
50abb216-b7d6-499c-bb6e-6c1423b2a616,#N/A,Tazzy,Prospect,#N/A,1000 Lowes Blvd,Mooresville,NC,28117-8520,United States,#N/A,#N/A,#N/A,#N/A,#N/A,P.O. BOX 1000,Mooresville,NC,28115-1000,US,#N/A,#N/A,#N/A,#N/A,#N/A,1.704.758.1000,#N/A,#N/A,Consumer Goods,#N/A,#N/A,Finley Companies is the leader in Consumer Goods in Mooresville,#N/A,#N/A,false,#N/A,#N/A,#N/A,Never,Contract Based,Same,No,false,false,#N/A,false,true,#N/A,#N/A
52d6cf70-551d-41b4-84e8-9d84ee63d1be,#N/A,Skaboo,Customer,#N/A,70173,Baden-Württemberg,Stuttgart,#N/A,Germany,#N/A,#N/A,#N/A,#N/A,#N/A,#N/A,#N/A,#N/A,#N/A,#N/A,#N/A,#N/A,#N/A,#N/A,#N/A,#N/A,#N/A,#N/A,Healthcare,#N/A,#N/A,St Francis West Side is the leader in Healthcare in Baden-Württemberg,#N/A,#N/A,false,#N/A,#N/A,#N/A,Never,Contract Based,Same,No,false,false,#N/A,false,true,#N/A,#N/A
539fc471-59df-429a-b532-8bdfd5415e43,#N/A,Skalith,Customer,#N/A,40 Archibald St,Fairfield,QLD,4103,Australia,#N/A,#N/A,#N/A,#N/A,#N/A,40 Archibald St,Fairfield,QLD,4103,Australia,#N/A,#N/A,#N/A,#N/A,#N/A,(07) 8503 6141,#N/A,#N/A,Chemicals,#N/A,#N/A,Mooby Corp is the leader in Chemicals in Fairfield,#N/A,#N/A,false,#N/A,#N/A,#N/A,Never,Contract Based,Same,No,false,false,#N/A,false,true,#N/A,#N/A
5cf9621d-300c-4ab0-a21c-29427ced97a5,#N/A,Gabtune,Prospect,#N/A,1234 Hilltop Road,Broomfield,Colorado,80020,USA,#N/A,#N/A,#N/A,#N/A,#N/A,#N/A,#N/A,#N/A,#N/A,#N/A,#N/A,#N/A,#N/A,#N/A,#N/A,(720) 562-5896,#N/A,#N/A,Healthcare,#N/A,#N/A,Adams Household is the leader in Healthcare in Broomfield,#N/A,#N/A,false,#N/A,#N/A,#N/A,Never,Contract Based,Same,No,false,false,#N/A,false,true,#N/A,#N/A
5e218fe8-7150-425f-8959-0f571da748ca,#N/A,Babbleopia,Customer,#N/A,5/5a The Avenue,Balaclava,VIC,3183,Australia,#N/A,#N/A,#N/A,#N/A,#N/A,5/5a The Avenue,Balaclava,VIC,3183,Australia,#N/A,#N/A,#N/A,#N/A,#N/A,(03) 8569 6279,#N/A,#N/A,Healthcare,#N/A,#N/A,Praveen Kagalkar Hospital is the leader in Healthcare in Balaclava,#N/A,#N/A,false,#N/A,#N/A,#N/A,Never,Contract Based,Same,No,false,false,#N/A,false,true,#N/A,#N/A
5e48640b-3dfc-4944-9437-1f3dc394c641,#N/A,Blogspan,Prospect,#N/A,574 Duke Circle,Sioux City,OH,51105,United States,#N/A,#N/A,#N/A,#N/A,#N/A,#N/A,#N/A,#N/A,#N/A,#N/A,#N/A,#N/A,#N/A,#N/A,#N/A,#N/A,#N/A,#N/A,Financial Services,#N/A,#N/A,#N/A,#N/A,#N/A,false,#N/A,#N/A,#N/A,Never,Contract Based,Same,No,false,false,#N/A,false,true,#N/A,#N/A
5e4b108e-c82e-497a-8ff6-9f87e3ad61b8,#N/A,Six Flags Entertainment,Prospect,#N/A,#N/A,#N/A,TX,#N/A,#N/A,#N/A,#N/A,#N/A,#N/A,#N/A,#N/A,#N/A,#N/A,#N/A,#N/A,#N/A,#N/A,#N/A,#N/A,#N/A,#N/A,#N/A,#N/A,Entertainment,#N/A,#N/A,#N/A,#N/A,#N/A,false,#N/A,#N/A,#N/A,Never,Contract Based,Same,No,false,false,#N/A,false,true,#N/A,#N/A
5e93e5fe-0c50-4615-8bf6-39546b6cbfaf,#N/A,Topiclounge,Customer,#N/A,54 McLaren Street,North Sydney,NSW,2060,Australia,#N/A,#N/A,#N/A,#N/A,#N/A,54 McLaren Street,North Sydney,NSW,2060,Australia,#N/A,#N/A,#N/A,#N/A,#N/A,(02) 8592 7342,#N/A,#N/A,Consulting,#N/A,#N/A,Demo Company is the leader in Consulting in North Sydney,#N/A,#N/A,false,#N/A,#N/A,#N/A,Never,Contract Based,Same,No,false,false,#N/A,false,true,#N/A,#N/A
5fec6d31-0cec-472f-8092-650994f7426f,#N/A,Voolia,Customer,#N/A,"16, bd des Italiens",Paris,Paris,#N/A,France,#N/A,#N/A,#N/A,#N/A,#N/A,#N/A,#N/A,#N/A,#N/A,#N/A,#N/A,#N/A,#N/A,#N/A,#N/A,#N/A,#N/A,#N/A,Healthcare,#N/A,#N/A,SS South is the leader in Healthcare in Paris,#N/A,#N/A,false,#N/A,#N/A,#N/A,Never,Contract Based,Same,No,false,false,#N/A,false,true,#N/A,#N/A
62c87a80-8595-43e4-a01a-8d4efdf42f5f,#N/A,JumpXS,Prospect,#N/A,200 Vesey St,New York,NY,10285-0002,United States,#N/A,#N/A,#N/A,#N/A,#N/A,#N/A,#N/A,#N/A,#N/A,#N/A,#N/A,#N/A,#N/A,#N/A,#N/A,1.212.640.2000,#N/A,#N/A,Consumer Goods,#N/A,#N/A,Walken Group is the leader in Consumer Goods in New York,#N/A,#N/A,false,#N/A,#N/A,#N/A,Never,Contract Based,Same,No,false,false,#N/A,false,true,#N/A,#N/A
64668e53-9fb1-4bfb-aa43-80bba795a6de,#N/A,Zazio,Prospect,#N/A,4333 Amon Carter Blvd,Fort Worth,TX,76155-2664,United States,#N/A,#N/A,#N/A,#N/A,#N/A,P.O. BOX 619616,Dallas,TX,75261-9616,US,#N/A,#N/A,#N/A,#N/A,#N/A,1.817.963.1234,#N/A,#N/A,Media,#N/A,#N/A,Primary Printing is the leader in Media in Fort Worth,#N/A,#N/A,false,#N/A,#N/A,#N/A,Never,Contract Based,Same,No,false,false,#N/A,false,true,#N/A,#N/A
6af2cd9d-45b2-4fdc-b828-ce1202fdd7d1,#N/A,Buzzshare,Customer,957b9bf5-b619-466b-8fce-d7fc114ab3b0,2941 Frview Pk Dr Ste 100,Falls Church,VA,22042,United States,#N/A,#N/A,#N/A,#N/A,#N/A,#N/A,#N/A,#N/A,#N/A,#N/A,#N/A,#N/A,#N/A,#N/A,#N/A,1.703.876.3000,#N/A,#N/A,Transportation,#N/A,#N/A,Keading Transportation Services is the leader in Transportation in Falls Church,#N/A,#N/A,false,#N/A,#N/A,#N/A,Never,Contract Based,Same,No,false,false,#N/A,false,true,#N/A,#N/A
6bdb335e-1999-45f2-8a23-8fc946a880b5,#N/A,Meeveo,Customer,#N/A,"Tesco House, Shire Park, Kestrel Way",Welwyn Garden City,#N/A,AL7 1GA,United Kingdom,#N/A,#N/A,#N/A,#N/A,#N/A,"Tesco House, Shire Park, Kestrel Way",#N/A,#N/A,#N/A,#N/A,#N/A,#N/A,#N/A,#N/A,#N/A,#N/A,#N/A,#N/A,Biotechnology,#N/A,#N/A,Western Gas & Electric is the leader in Biotechnology,#N/A,#N/A,false,#N/A,#N/A,#N/A,Never,Contract Based,Same,No,false,false,#N/A,false,true,#N/A,#N/A
6c624039-ce09-4f57-8ba4-eb3fccade287,#N/A,Acme,Prospect,#N/A,10 Main Rd.,Mead,NY,31349,USA,#N/A,#N/A,#N/A,#N/A,#N/A,10 Main Rd.,New York,NY,31349,USA,#N/A,#N/A,#N/A,#N/A,#N/A,(212) 555-5570,#N/A,www.acme.co,Corporate Office,680,#N/A,"These are my notes, my only notes, my friend.",#N/A,#N/A,false,#N/A,#N/A,#N/A,#N/A,#N/A,#N/A,#N/A,false,false,#N/A,false,false,#N/A,#N/A
6dec60b7-7f75-40a5-b0bb-8e608fb05891,#N/A,Lazzy,Customer,#N/A,28 Besline St,Kuraby,QLD,4112,Australia,#N/A,#N/A,#N/A,#N/A,#N/A,28 Besline St,Kuraby,QLD,4112,Australia,#N/A,#N/A,#N/A,#N/A,#N/A,(07) 6674 6703,#N/A,#N/A,Manufacturing,#N/A,#N/A,Leeding Engines Ltd. is the leader in Manufacturing in Kuraby,#N/A,#N/A,false,#N/A,#N/A,#N/A,Never,Contract Based,Same,No,false,false,#N/A,false,true,#N/A,#N/A
6e55185b-05e1-497f-b865-66135a444678,#N/A,Oloo,Customer,#N/A,100 Ne Adams St,Peoria,IL,61629-0002,United States,#N/A,#N/A,#N/A,#N/A,#N/A,#N/A,#N/A,#N/A,#N/A,#N/A,#N/A,#N/A,#N/A,#N/A,#N/A,1.309.675.1000,#N/A,#N/A,Automotive,#N/A,#N/A,Carthage Automotive is the leader in Automotive in Peoria,#N/A,#N/A,false,#N/A,#N/A,#N/A,Never,Contract Based,Same,No,false,false,#N/A,false,true,#N/A,#N/A
6e9e4e46-cfe6-4cc2-9674-2214593afeaa,#N/A,Roomm,Prospect,#N/A,151 Farmington Ave,Hartford,CT,06156-0001,United States,#N/A,#N/A,#N/A,#N/A,#N/A,#N/A,#N/A,#N/A,#N/A,#N/A,#N/A,#N/A,#N/A,#N/A,#N/A,1.860.273.0123,#N/A,#N/A,Energy,#N/A,#N/A,Initrode is the leader in Energy in Hartford,#N/A,#N/A,false,#N/A,#N/A,#N/A,Never,Contract Based,Same,No,false,false,#N/A,false,true,#N/A,#N/A
6f09e493-6a32-46d8-91f4-d1c1d0303a91,#N/A,Jabbersphere,Customer,#N/A,3333 Beverly Rd,Hoffman Estates,IL,60179-0001,United States,#N/A,#N/A,#N/A,#N/A,#N/A,#N/A,#N/A,#N/A,#N/A,#N/A,#N/A,#N/A,#N/A,#N/A,#N/A,1.847.286.2500,#N/A,#N/A,Communications,#N/A,#N/A,SocialScaling is the leader in Communications in Hoffman Estates,#N/A,#N/A,false,#N/A,#N/A,#N/A,Never,Contract Based,Same,No,false,false,#N/A,false,true,#N/A,#N/A
710d6c62-80c6-4365-92a7-c606b322436a,#N/A,Babblestorm,Prospect,#N/A,1011 Centre Road,Berlin,Berlin,#N/A,Germany,#N/A,#N/A,#N/A,#N/A,#N/A,#N/A,#N/A,#N/A,#N/A,#N/A,#N/A,#N/A,#N/A,#N/A,#N/A,#N/A,#N/A,#N/A,Biotechnology,#N/A,#N/A,Strickland Propane is the leader in Biotechnology in Berlin,#N/A,#N/A,false,#N/A,#N/A,#N/A,Never,Contract Based,Same,No,false,false,#N/A,false,true,#N/A,#N/A
71380217-6fe7-4fae-bf50-646258373013,#N/A,Buzzbean,Prospect,#N/A,200 West St Bldg 200,New York,NY,10282-2198,United States,#N/A,#N/A,#N/A,#N/A,#N/A,#N/A,#N/A,#N/A,#N/A,#N/A,#N/A,#N/A,#N/A,#N/A,#N/A,1.212.902.1000,#N/A,#N/A,Energy,#N/A,#N/A,"Voltronics, Inc. is the leader in Energy in New York",#N/A,#N/A,false,#N/A,#N/A,#N/A,Never,Contract Based,Same,No,false,false,#N/A,false,true,#N/A,#N/A
753729ad-ce94-42e7-a9c6-96abd274e1f9,#N/A,salesforce.com,Prospect,#N/A,"The Landmark @ One Market, Suite 300",San Francisco,CA,94105,USA,#N/A,#N/A,#N/A,#N/A,#N/A,"The Landmark @ One Market, Suite 300",San Francisco,CA,94105,USA,#N/A,#N/A,#N/A,#N/A,#N/A,(415) 901-7000,#N/A,http://www.salesforce.com,Corporate Office,#N/A,#N/A,"Founded in March 1999, salesforce.com (http://www.salesforce.com) builds and delivers customer relationship management (CRM) applications as scalable online services. The salesforce.com product suite - Team Edition, Professional Edition, Enterprise Edition, Wireless Edition and Offline Edition - gives companies of all sizes a complete 360-degree view of the customer. The company's award-winning CRM solutions provide integrated online sales force automation, customer service and support management, and marketing automation applications to help companies meet the complex challenges of global customer communication. Salesforce.com has received considerable recognition in the industry, including Editors' Choice and two Five-Star ratings from PC Magazine, two Deploy Awards from InfoWorld, Red Herring 100, Upside Hot 100, Investor's Choice Award from Enterprise Outlook, Editors' Choice from TMCLabs, Top 10 CRM Implementation from Aberdeen Group, and InfoWorld's 2001 CRM Technology of the Year. Founded in 1999, salesforce.com is headquartered in San Francisco, with offices in Europe and Asia.",#N/A,#N/A,false,#N/A,#N/A,#N/A,#N/A,#N/A,#N/A,#N/A,false,false,#N/A,false,false,#N/A,#N/A
755bc092-0d33-4c7b-be65-7dc9ec458766,#N/A,Aibox,Customer,6af2cd9d-45b2-4fdc-b828-ce1202fdd7d1,23 Lundy Av,Kingsgrove,NSW,1480,Australia,#N/A,#N/A,#N/A,#N/A,#N/A,23 Lundy Av,Kingsgrove,NSW,1480,Australia,#N/A,#N/A,#N/A,#N/A,#N/A,(02) 6082 8265,#N/A,#N/A,Technology,#N/A,#N/A,Spacely Sprockets is the leader in Technology in Kingsgrove,#N/A,#N/A,false,#N/A,#N/A,#N/A,Never,Contract Based,Same,No,false,false,#N/A,false,true,#N/A,#N/A
75d0e60f-b11c-476f-89e3-bcd2c10821fa,#N/A,Viva,Customer,#N/A,34 Frasers Rd,Mitchelton,QLD,4053,Australia,#N/A,#N/A,#N/A,#N/A,#N/A,34 Frasers Rd,Mitchelton,QLD,4053,Australia,#N/A,#N/A,#N/A,#N/A,#N/A,(07) 8057 8902,#N/A,#N/A,Healthcare,#N/A,#N/A,Christian Lavendar Hospital is the leader in Healthcare in Mitchelton,#N/A,#N/A,false,#N/A,#N/A,#N/A,Never,Contract Based,Same,No,false,false,#N/A,false,true,#N/A,#N/A
78cc2f2d-2bcc-4ecb-b4b1-0a361cebb1d5,#N/A,AMC Entertainment,Customer,#N/A,#N/A,#N/A,#N/A,#N/A,#N/A,#N/A,#N/A,#N/A,#N/A,#N/A,#N/A,#N/A,#N/A,#N/A,#N/A,#N/A,#N/A,#N/A,#N/A,#N/A,#N/A,#N/A,#N/A,Entertainment,4408,#N/A,#N/A,#N/A,#N/A,false,#N/A,#N/A,#N/A,Never,Contract Based,Same,No,false,false,#N/A,false,true,#N/A,#N/A
7a0e2bbb-2712-4df7-be88-17d204a2a3c8,#N/A,Divavu,Customer,#N/A,1300 Morris Dr Ste 100,Chesterbrook,PA,19087-5594,United States,#N/A,#N/A,#N/A,#N/A,#N/A,P.O. BOX 959,Valley Forge,PA,19482-0959,US,#N/A,#N/A,#N/A,#N/A,#N/A,1.610.727.7000,#N/A,#N/A,Manufacturing,#N/A,#N/A,Apogee Corp. is the leader in Manufacturing in Chesterbrook,#N/A,#N/A,false,#N/A,#N/A,#N/A,Never,Contract Based,Same,No,false,false,#N/A,false,true,#N/A,#N/A
7be5788b-b87b-480f-88a1-fd966ade7ac6,#N/A,Dynava,Prospect,#N/A,3 Parkway N Ste 300,Deerfield,IL,60015-2565,United States,#N/A,#N/A,#N/A,#N/A,#N/A,23 Lundy Av,#N/A,#N/A,#N/A,#N/A,#N/A,#N/A,#N/A,#N/A,#N/A,1.847.943.4000,#N/A,#N/A,Transportation,#N/A,#N/A,SWD Logistics is the leader in Transportation in Deerfield,#N/A,#N/A,false,#N/A,#N/A,#N/A,Never,Contract Based,Same,No,false,false,#N/A,false,true,#N/A,#N/A
7cdc7de7-12ab-47c6-b059-3d44c9b94cee,#N/A,Twiyo,Customer,#N/A,1211 Ave of The Americas,New York,NY,10036-8701,United States,#N/A,#N/A,#N/A,#N/A,#N/A,178 Campbell Parade,#N/A,#N/A,#N/A,#N/A,#N/A,#N/A,#N/A,#N/A,#N/A,1.212.852.7000,#N/A,#N/A,Automotive,#N/A,#N/A,Enginomics is the leader in Automotive in New York,#N/A,#N/A,false,#N/A,#N/A,#N/A,Never,Contract Based,Same,No,false,false,#N/A,false,true,#N/A,#N/A
7e0cf815-fe66-4847-a9e2-d8aa46f5751e,#N/A,Oyonder,Prospect,#N/A,08697 Ryan Junction,Cincinnati,OH,45271,United States,#N/A,#N/A,#N/A,#N/A,#N/A,#N/A,#N/A,#N/A,#N/A,#N/A,#N/A,#N/A,#N/A,#N/A,#N/A,#N/A,#N/A,#N/A,Construction,#N/A,#N/A,#N/A,#N/A,#N/A,false,#N/A,#N/A,#N/A,Never,Contract Based,Same,No,false,false,#N/A,false,true,#N/A,#N/A
7f2551b2-699d-48db-8080-6acc33b78454,#N/A,Bluejam,Customer,#N/A,348 St Kilda Road,Melbourne,VIC,3004,Australia,#N/A,#N/A,#N/A,#N/A,#N/A,348 St Kilda Road,Melbourne,VIC,3004,Australia,#N/A,#N/A,#N/A,#N/A,#N/A,(03) 7876 8876,#N/A,#N/A,Food & Beverage,#N/A,#N/A,Globex Corporation is the leader in Food & Beverage in Melbourne,#N/A,#N/A,false,#N/A,#N/A,#N/A,Never,Contract Based,Same,No,false,false,#N/A,false,true,#N/A,#N/A
801c3650-d8d4-4b39-a851-457cab98dead,#N/A,Thoughtmix,Customer,#N/A,1 Coca Cola Plz NW,Atlanta,GA,30313-2499,United States,#N/A,#N/A,#N/A,#N/A,#N/A,P.O. BOX 1734,Atlanta,GA,30301-1734,US,#N/A,#N/A,#N/A,#N/A,#N/A,1.404.676.2121,#N/A,#N/A,Energy,#N/A,#N/A,Transworld Consortium is the leader in Energy in Atlanta,#N/A,#N/A,false,#N/A,#N/A,#N/A,Never,Contract Based,Same,No,false,false,#N/A,false,true,#N/A,#N/A
8035157a-f978-48f6-8c61-ef31542d6807,#N/A,Jabbertype,Prospect,#N/A,71 Miller Hill,Indianapolis,IN,46202,United States,#N/A,#N/A,#N/A,#N/A,#N/A,#N/A,#N/A,#N/A,#N/A,#N/A,#N/A,#N/A,#N/A,#N/A,#N/A,#N/A,#N/A,#N/A,Utilities,#N/A,#N/A,#N/A,#N/A,#N/A,false,#N/A,#N/A,#N/A,Never,Contract Based,Same,No,false,false,#N/A,false,true,#N/A,#N/A
809a7c29-0134-4501-8765-9e3068a46055,#N/A,Fatz,Customer,#N/A,1600 Amphitheatre Pkwy,Mountain View,CA,94043-1351,United States,#N/A,#N/A,#N/A,#N/A,#N/A,#N/A,#N/A,#N/A,#N/A,#N/A,#N/A,#N/A,#N/A,#N/A,#N/A,1.650.253.0000,#N/A,#N/A,Retail,#N/A,#N/A,Roxxon is the leader in Retail in Mountain View,#N/A,#N/A,false,#N/A,#N/A,#N/A,Never,Contract Based,Same,No,false,false,#N/A,false,true,#N/A,#N/A
8387b2ff-2279-48b7-b907-dde12c7a1f3d,#N/A,Voonix,Customer,#N/A,1 Procter and Gamble Plz,Cincinnati,OH,45202-3393,United States,#N/A,#N/A,#N/A,#N/A,#N/A,P.O. BOX 599,Cincinnati,OH,45201-0599,US,#N/A,#N/A,#N/A,#N/A,#N/A,1.513.983.1100,#N/A,#N/A,Consumer Goods,#N/A,#N/A,ADM Goods is the leader in Consumer Goods in Cincinnati,#N/A,#N/A,false,#N/A,#N/A,#N/A,Never,Contract Based,Same,No,false,false,#N/A,false,true,#N/A,#N/A
83f11b7d-7308-447d-8fd3-a9cd4494668b,#N/A,Dazzlesphere,Prospect,#N/A,1585 Broadway,New York,NY,10036-8200,United States,#N/A,#N/A,#N/A,#N/A,#N/A,200 George Street,#N/A,#N/A,#N/A,#N/A,#N/A,#N/A,#N/A,#N/A,#N/A,1.212.761.4000,#N/A,#N/A,Automotive,#N/A,#N/A,"Clearcoat, LLC is the leader in Automotive in New York",#N/A,#N/A,false,#N/A,#N/A,#N/A,Never,Contract Based,Same,No,false,false,#N/A,false,true,#N/A,#N/A
85f469cc-f92e-484e-ad37-271f11f1f417,#N/A,Pixoboo,Customer,#N/A,19100 Ridgewood Pkwy,San Antonio,TX,78259-1834,United States,#N/A,#N/A,#N/A,#N/A,#N/A,P.O. BOX 8016,Cary,NC,27512-8016,US,#N/A,#N/A,#N/A,#N/A,#N/A,1.210.626.6000,#N/A,#N/A,Consumer Goods,#N/A,#N/A,General Products is the leader in Consumer Goods in San Antonio,#N/A,#N/A,false,#N/A,#N/A,#N/A,Never,Contract Based,Same,No,false,false,#N/A,false,true,#N/A,#N/A
866beba2-4413-498a-bf47-63cbb9d5bb48,#N/A,Eazzy,Prospect,#N/A,7000 Cardinal Pl,Dublin,OH,43017-1091,United States,#N/A,#N/A,#N/A,#N/A,#N/A,#N/A,#N/A,#N/A,#N/A,#N/A,#N/A,#N/A,#N/A,#N/A,#N/A,1.614.757.5000,#N/A,#N/A,Construction,#N/A,#N/A,Sombra Corporation is the leader in Construction in Dublin,#N/A,#N/A,false,#N/A,#N/A,#N/A,Never,Contract Based,Same,No,false,false,#N/A,false,true,#N/A,#N/A
8935e75f-d5c0-4863-ab47-e2a17be1cb9d,#N/A,Kimia,Customer,#N/A,2/11 Boyle St,Balgowlah,NSW,2093,Australia,#N/A,#N/A,#N/A,#N/A,#N/A,2/11 Boyle St,Balgowlah,NSW,2093,Australia,#N/A,#N/A,#N/A,#N/A,#N/A,(02) 6512 8801,#N/A,#N/A,Transportation,#N/A,#N/A,Smith and Co. is the leader in Transportation in Balgowlah,#N/A,#N/A,false,#N/A,#N/A,#N/A,Never,Contract Based,Same,No,false,false,#N/A,false,true,#N/A,#N/A
8a398a6c-75ea-42a5-8f06-b4f29da62562,#N/A,Mybuzz,Customer,#N/A,235 E 42nd St,New York,NY,10017-5703,United States,#N/A,#N/A,#N/A,#N/A,#N/A,#N/A,#N/A,#N/A,#N/A,#N/A,#N/A,#N/A,#N/A,#N/A,#N/A,1.212.733.2323,#N/A,#N/A,Manufacturing,#N/A,#N/A,Procurabl Holdings Inc. is the leader in Manufacturing in New York,#N/A,#N/A,false,#N/A,#N/A,#N/A,Never,Contract Based,Same,No,false,false,#N/A,false,true,#N/A,#N/A
8adf166c-69f7-46f7-b1af-f2cce9ef2b17,#N/A,Regal Cinemas,Customer,#N/A,#N/A,#N/A,#N/A,#N/A,#N/A,#N/A,#N/A,#N/A,#N/A,#N/A,#N/A,#N/A,#N/A,#N/A,#N/A,#N/A,#N/A,#N/A,#N/A,#N/A,#N/A,#N/A,#N/A,Entertainment,#N/A,#N/A,#N/A,#N/A,#N/A,false,#N/A,#N/A,#N/A,Never,Contract Based,Same,No,false,false,#N/A,false,true,#N/A,#N/A
8b1ce99a-f3e0-4d57-b0a2-da6baaac12db,#N/A,Tagtune,Customer,#N/A,8200 Jones Branch Dr,Mc Lean,VA,22102-3107,United States,#N/A,#N/A,#N/A,#N/A,#N/A,#N/A,#N/A,#N/A,#N/A,#N/A,#N/A,#N/A,#N/A,#N/A,#N/A,1.703.903.2000,#N/A,#N/A,Hospitality,#N/A,#N/A,Decorum Interior Design is the leader in Hospitality in Mc Lean,#N/A,#N/A,false,#N/A,#N/A,#N/A,Never,Contract Based,Same,No,false,false,#N/A,false,true,#N/A,#N/A
8b2cc1c3-f908-49e8-97b7-b51196b3aa98,#N/A,Hyatt Hotels Corporation,Prospect,#N/A,#N/A,#N/A,#N/A,#N/A,#N/A,#N/A,#N/A,#N/A,#N/A,#N/A,#N/A,#N/A,#N/A,#N/A,#N/A,#N/A,#N/A,#N/A,#N/A,#N/A,#N/A,#N/A,#N/A,Hospitality,100000,#N/A,#N/A,#N/A,#N/A,false,#N/A,#N/A,#N/A,Never,Contract Based,Same,No,false,false,#N/A,false,true,#N/A,#N/A
8d20fc37-4127-4e68-a46f-f01ea0597ce2,#N/A,Mydo,Customer,#N/A,108 Wilmot Rd,Deerfield,IL,60015-5145,United States,#N/A,#N/A,#N/A,#N/A,#N/A,200 George Street,#N/A,#N/A,#N/A,#N/A,#N/A,#N/A,#N/A,#N/A,#N/A,1.847.315.2500,#N/A,#N/A,Financial Services,#N/A,#N/A,"Civic Wealth, Inc. is the leader in Financial Services in Deerfield",#N/A,#N/A,false,#N/A,#N/A,#N/A,Never,Contract Based,Same,No,false,false,#N/A,false,true,#N/A,#N/A
8dcb3cf5-ee59-4c31-8afe-c72bb7ae8ae3,#N/A,Browsezoom,Prospect,#N/A,5565 Maple Wood Street,San Jose,CA,95113,United States,#N/A,#N/A,#N/A,#N/A,#N/A,#N/A,#N/A,#N/A,#N/A,#N/A,#N/A,#N/A,#N/A,#N/A,#N/A,#N/A,#N/A,#N/A,Retail,#N/A,#N/A,#N/A,#N/A,#N/A,false,#N/A,#N/A,#N/A,Never,Contract Based,Same,No,false,false,#N/A,false,true,#N/A,#N/A
902e31d1-9918-4ff5-8b86-bd5f8f4448af,#N/A,Wordware,Prospect,#N/A,066 Grayhawk Road,Flushing,NY,11355,United States,#N/A,#N/A,#N/A,#N/A,#N/A,#N/A,#N/A,#N/A,#N/A,#N/A,#N/A,#N/A,#N/A,#N/A,#N/A,#N/A,#N/A,#N/A,Utilities,#N/A,#N/A,#N/A,#N/A,#N/A,false,#N/A,#N/A,#N/A,Never,Contract Based,Same,No,false,false,#N/A,false,true,#N/A,#N/A
906989b6-d4e8-4482-b2df-7066a0403f99,#N/A,Yakitri,Customer,#N/A,1483 Alaskan Way,Seattle,WA,#N/A,USA,#N/A,#N/A,#N/A,#N/A,#N/A,#N/A,#N/A,#N/A,#N/A,#N/A,#N/A,#N/A,#N/A,#N/A,#N/A,(555) 561-5555,#N/A,#N/A,Healthcare,#N/A,#N/A,Susannah St-Germain Hospital is the leader in Healthcare in Seattle,#N/A,#N/A,false,#N/A,#N/A,#N/A,Never,Contract Based,Same,No,false,false,#N/A,false,true,#N/A,#N/A
909a73a5-6469-41d3-bca4-2970c688c788,#N/A,Yamia,Prospect,#N/A,700 Anderson Hill Rd,Purchase,NY,10577-1444,United States,#N/A,#N/A,#N/A,#N/A,#N/A,#N/A,#N/A,#N/A,#N/A,#N/A,#N/A,#N/A,#N/A,#N/A,#N/A,1.914.253.2000,#N/A,#N/A,Hospitality,#N/A,#N/A,General Services Corporation is the leader in Hospitality in Purchase,#N/A,#N/A,false,#N/A,#N/A,#N/A,Never,Contract Based,Same,No,false,false,#N/A,false,true,#N/A,#N/A
90c17308-dd04-4d27-ba07-2043e772f31e,#N/A,Oyoba,Customer,#N/A,178 Campbell Parade,Bondi,NSW,2026,Australia,#N/A,#N/A,#N/A,#N/A,#N/A,178 Campbell Parade,Bondi,NSW,2026,Australia,#N/A,#N/A,#N/A,#N/A,#N/A,(02) 7198 7098,#N/A,#N/A,Healthcare,#N/A,#N/A,Danielle Bogartz Hospital is the leader in Healthcare in Bondi,#N/A,#N/A,false,#N/A,#N/A,#N/A,Never,Contract Based,Same,No,false,false,#N/A,false,true,#N/A,#N/A
929614ff-c622-499b-8a68-d7f111eec76d,#N/A,Jetpulse,Customer,#N/A,270 Park Ave,New York,NY,10017-2014,United States,#N/A,#N/A,#N/A,#N/A,#N/A,#N/A,#N/A,#N/A,#N/A,#N/A,#N/A,#N/A,#N/A,#N/A,#N/A,1.212.270.6000,#N/A,#N/A,Non Profit,#N/A,#N/A,Human Rights Defense Fund is the leader in Non Profit in New York,#N/A,#N/A,false,#N/A,#N/A,#N/A,Never,Contract Based,Same,No,false,false,#N/A,false,true,#N/A,#N/A
92dca97c-7716-40c3-9f03-2a7507dd733b,#N/A,Browsetype,Customer,#N/A,708 3rd Ave Rm 1500,New York,NY,10017-4108,United States,#N/A,#N/A,#N/A,#N/A,#N/A,708 3rd Ave Rm 1500,#N/A,#N/A,#N/A,#N/A,#N/A,#N/A,#N/A,#N/A,#N/A,1.212.485.3500,#N/A,#N/A,Non Profit,#N/A,#N/A,First Response Relief Services is the leader in Non Profit in New York,#N/A,#N/A,false,#N/A,#N/A,#N/A,Never,Contract Based,Same,No,false,false,#N/A,false,true,#N/A,#N/A
936cad65-ab58-4988-ab3d-95ba9d99c222,#N/A,Devcast,Customer,#N/A,45 Spring Street,Melbourne,VIC,3000,Australia,#N/A,#N/A,#N/A,#N/A,#N/A,45 Spring Street,Melbourne,VIC,3000,Australia,#N/A,#N/A,#N/A,#N/A,#N/A,(03) 8426 7995,#N/A,#N/A,Hospitality,#N/A,#N/A,Globo Gym American Corp is the leader in Hospitality in Melbourne,#N/A,#N/A,false,#N/A,#N/A,#N/A,Never,Contract Based,Same,No,false,false,#N/A,false,true,#N/A,#N/A
943e4f51-4cb0-4e29-8f1f-9b9f59de220f,#N/A,Thoughtstorm,Customer,#N/A,3 Myra St,Wahroonga,NSW,2076,Australia,#N/A,#N/A,#N/A,#N/A,#N/A,3 Myra St,Wahroonga,NSW,2076,Australia,#N/A,#N/A,#N/A,#N/A,#N/A,(02) 7820 8765,#N/A,#N/A,Technology,#N/A,#N/A,Nordyne Defense Dynamics is the leader in Technology in Wahroonga,#N/A,#N/A,false,#N/A,#N/A,#N/A,Never,Contract Based,Same,No,false,false,#N/A,false,true,#N/A,#N/A
9446991c-b83f-4fe9-9a8d-13aea6ae111f,#N/A,Realblab,Prospect,#N/A,53 Park Meadow Pass,New Bedford,MA,2745,United States,#N/A,#N/A,#N/A,#N/A,#N/A,#N/A,#N/A,#N/A,#N/A,#N/A,#N/A,#N/A,#N/A,#N/A,#N/A,#N/A,#N/A,#N/A,Insurance,#N/A,#N/A,#N/A,#N/A,#N/A,false,#N/A,#N/A,#N/A,Never,Contract Based,Same,No,false,false,#N/A,false,true,#N/A,#N/A
94489879-3e39-405e-97ee-314269e20b3e,#N/A,Agimba,Customer,#N/A,18 McMahon Dr,Ballan,VIC,3342,Australia,#N/A,#N/A,#N/A,#N/A,#N/A,18 McMahon Dr,Ballan,VIC,3342,Australia,#N/A,#N/A,#N/A,#N/A,#N/A,(03) 8664 6673,#N/A,#N/A,Apparel,#N/A,#N/A,Minuteman Cafe is the leader in Apparel in Ballan,#N/A,#N/A,false,#N/A,#N/A,#N/A,Never,Contract Based,Same,No,false,false,#N/A,false,true,#N/A,#N/A
945a6aa7-e42c-425f-a537-a2288edcf796,#N/A,Universal Studios,Prospect,#N/A,#N/A,#N/A,#N/A,#N/A,#N/A,#N/A,#N/A,#N/A,#N/A,#N/A,#N/A,#N/A,#N/A,#N/A,#N/A,#N/A,#N/A,#N/A,#N/A,#N/A,#N/A,#N/A,#N/A,Entertainment,#N/A,#N/A,#N/A,#N/A,#N/A,false,#N/A,#N/A,#N/A,Never,Contract Based,Same,No,false,false,#N/A,false,true,#N/A,#N/A
94f3025f-dca1-4df8-b7ec-9dda966e228d,#N/A,Zoomlounge,Customer,#N/A,4 Riverside Rd,Lansvale,NSW,2166,Australia,#N/A,#N/A,#N/A,#N/A,#N/A,4 Riverside Rd,Lansvale,NSW,2166,Australia,#N/A,#N/A,#N/A,#N/A,#N/A,(02) 6837 7271,#N/A,#N/A,Agriculture,#N/A,#N/A,Sixty Second Avenue is the leader in Agriculture in Lansvale,#N/A,#N/A,false,#N/A,#N/A,#N/A,Never,Contract Based,Same,No,false,false,#N/A,false,true,#N/A,#N/A
957b9bf5-b619-466b-8fce-d7fc114ab3b0,#N/A,Yakidoo,Customer,#N/A,75010,Paris,#N/A,#N/A,France,#N/A,#N/A,#N/A,#N/A,#N/A,#N/A,#N/A,#N/A,#N/A,#N/A,#N/A,#N/A,#N/A,#N/A,#N/A,#N/A,#N/A,#N/A,Healthcare,#N/A,#N/A,Trevor Ferrin Hospital is the leader in Healthcare,#N/A,#N/A,false,#N/A,#N/A,#N/A,Never,Contract Based,Same,No,false,false,#N/A,false,true,#N/A,#N/A
961b9f89-59dc-4218-a555-f62a832bad7f,#N/A,Kayveo,Customer,#N/A,29 Noalimba Cr,Bateman,WA,6150,Australia,#N/A,#N/A,#N/A,#N/A,#N/A,29 Noalimba Cr,Bateman,WA,6150,Australia,#N/A,#N/A,#N/A,#N/A,#N/A,(08) 7367 7550,#N/A,#N/A,Energy,#N/A,#N/A,North Central Positronics is the leader in Energy in Bateman,#N/A,#N/A,false,#N/A,#N/A,#N/A,Never,Contract Based,Same,No,false,false,#N/A,false,true,#N/A,#N/A
963fa712-67b9-41b5-8bea-59b24f9df95e,#N/A,Pixonyx,Prospect,#N/A,1 State Farm Plz,Bloomington,IL,61710-0001,United States,#N/A,#N/A,#N/A,#N/A,#N/A,#N/A,#N/A,#N/A,#N/A,#N/A,#N/A,#N/A,#N/A,#N/A,#N/A,1.309.766.2311,#N/A,#N/A,Energy,#N/A,#N/A,Delphi Energy is the leader in Energy in Bloomington,#N/A,#N/A,false,#N/A,#N/A,#N/A,Never,Contract Based,Same,No,false,false,#N/A,false,true,#N/A,#N/A
999166ca-88ef-4fee-a3fc-dcdad4feffc4,#N/A,DEMO ACCOUNT TYPE,#N/A,#N/A,#N/A,#N/A,#N/A,#N/A,#N/A,#N/A,#N/A,#N/A,#N/A,#N/A,#N/A,#N/A,#N/A,#N/A,#N/A,#N/A,#N/A,#N/A,#N/A,#N/A,D,#N/A,#N/A,#N/A,#N/A,#N/A,#N/A,#N/A,#N/A,false,#N/A,#N/A,#N/A,Never,Contract Based,Same,No,false,false,#N/A,false,true,#N/A,#N/A
99b9aa65-92da-4d12-bdff-f1a2cf8a2923,#N/A,Gabcube,Customer,#N/A,140 Diagonal Rd,Warradale,SA,5046,Australia,#N/A,#N/A,#N/A,#N/A,#N/A,140 Diagonal Rd,Warradale,SA,5046,Australia,#N/A,#N/A,#N/A,#N/A,#N/A,(08) 8985 7724,#N/A,#N/A,Apparel,#N/A,#N/A,Charles Townsend Agency is the leader in Apparel in Warradale,#N/A,#N/A,false,#N/A,#N/A,#N/A,Never,Contract Based,Same,No,false,false,#N/A,false,true,#N/A,#N/A
9d558da1-1efe-4f2d-8da5-8a3496d78d5b,#N/A,Feedbug,Prospect,#N/A,1 Valero Way,San Antonio,TX,78249-1616,United States,#N/A,#N/A,#N/A,#N/A,#N/A,P.O. BOX 696000,San Antonio,TX,78269-6000,US,#N/A,#N/A,#N/A,#N/A,#N/A,1.210.345.2000,#N/A,#N/A,Non Profit,#N/A,#N/A,Feed the Kids is the leader in Non Profit in San Antonio,#N/A,#N/A,false,#N/A,#N/A,#N/A,Never,Contract Based,Same,No,false,false,#N/A,false,true,#N/A,#N/A
9f4912b3-ba3b-4f83-974f-45bba4522112,#N/A,Jazzy,Prospect,#N/A,13 Joshua Cl,Bibra Lake,WA,6163,Australia,#N/A,#N/A,#N/A,#N/A,#N/A,13 Joshua Cl,Bibra Lake,WA,6163,Australia,#N/A,#N/A,#N/A,#N/A,#N/A,(08) 7593 7049,#N/A,#N/A,Healthcare,#N/A,#N/A,PK North is the leader in Healthcare in Bibra Lake,#N/A,#N/A,false,#N/A,#N/A,#N/A,Never,Contract Based,Same,No,false,false,#N/A,false,true,#N/A,#N/A
a1d22532-27d5-4c5d-9dd8-ffbddc328fbd,#N/A,Browsedrive,Customer,#N/A,1-7-1 Konan Minato-ku,Tokyo,#N/A,#N/A,Japan,#N/A,#N/A,#N/A,#N/A,#N/A,4 Riverside Rd,#N/A,#N/A,#N/A,#N/A,#N/A,#N/A,#N/A,#N/A,#N/A,#N/A,#N/A,#N/A,Telecommunications,#N/A,#N/A,Wernham Hogg is the leader in Telecommunications,#N/A,#N/A,false,#N/A,#N/A,#N/A,Never,Contract Based,Same,No,false,false,#N/A,false,true,#N/A,#N/A
a22f6220-0a78-4bff-b0cb-9448f7a8db05,#N/A,Thoughtworks,Customer,#N/A,19 Airlie Cr,Cecil Hills,NSW,2171,Australia,#N/A,#N/A,#N/A,#N/A,#N/A,19 Airlie Cr,Cecil Hills,NSW,2171,Australia,#N/A,#N/A,#N/A,#N/A,#N/A,(02) 8210 6814,#N/A,#N/A,Healthcare,#N/A,#N/A,NC North is the leader in Healthcare in Cecil Hills,#N/A,#N/A,false,#N/A,#N/A,#N/A,Never,Contract Based,Same,No,false,false,#N/A,false,true,#N/A,#N/A
a2eaf7fe-de3e-441c-8116-819c034ea126,#N/A,Marriott Hotels,Customer,#N/A,#N/A,#N/A,MD,#N/A,#N/A,#N/A,#N/A,#N/A,#N/A,#N/A,#N/A,#N/A,#N/A,#N/A,#N/A,#N/A,#N/A,#N/A,#N/A,#N/A,#N/A,#N/A,#N/A,Hospitality,170234,#N/A,#N/A,#N/A,#N/A,false,#N/A,#N/A,#N/A,Never,Contract Based,Same,No,false,false,#N/A,false,true,#N/A,#N/A
a3e87acf-b1f5-4cdd-a1c2-9ba65a993ce5,#N/A,Browsecat,Customer,#N/A,6 Rush St,Woollahra,NSW,2025,Australia,#N/A,#N/A,#N/A,#N/A,#N/A,6 Rush St,Woollahra,NSW,2025,Australia,#N/A,#N/A,#N/A,#N/A,#N/A,(02) 8325 6428,#N/A,#N/A,Insurance,#N/A,#N/A,Rouster and Sideways is the leader in Insurance in Woollahra,#N/A,#N/A,false,#N/A,#N/A,#N/A,Never,Contract Based,Same,No,false,false,#N/A,false,true,#N/A,#N/A
a5566fd1-1242-4470-b5c2-fc5c64a3a863,#N/A,Skyba,Customer,#N/A,3300 Publix Corp Pkwy,Lakeland,FL,33811-3311,United States,#N/A,#N/A,#N/A,#N/A,#N/A,P.O. BOX 407,Lakeland,FL,33802-0407,US,#N/A,#N/A,#N/A,#N/A,#N/A,1.863.688.1188,#N/A,#N/A,Retail,#N/A,#N/A,"Mecurial, Inc. is the leader in Retail in Lakeland",#N/A,#N/A,false,#N/A,#N/A,#N/A,Never,Contract Based,Same,No,false,false,#N/A,false,true,#N/A,#N/A
a55b7a9a-0127-487d-84a8-d914100a1284,#N/A,Voomm,Prospect,#N/A,5757 N Green Bay Ave,Milwaukee,WI,53209-4408,United States,#N/A,#N/A,#N/A,#N/A,#N/A,P.O. BOX 591,Milwaukee,WI,53201-0591,US,#N/A,#N/A,#N/A,#N/A,#N/A,1.414.524.1200,#N/A,#N/A,Machinery,#N/A,#N/A,General Forge and Foundry is the leader in Machinery in Milwaukee,#N/A,#N/A,false,#N/A,#N/A,#N/A,Never,Contract Based,Same,No,false,false,#N/A,false,true,#N/A,#N/A
a5aa7c75-f06d-4c5c-b618-b35262ec8121,#N/A,Skyvu,Prospect,#N/A,250 E Parkcenter Blvd,Boise,ID,83706-3999,United States,#N/A,#N/A,#N/A,#N/A,#N/A,#N/A,#N/A,#N/A,#N/A,#N/A,#N/A,#N/A,#N/A,#N/A,#N/A,1.208.395.6200,#N/A,#N/A,Communications,#N/A,#N/A,Spruik Communications is the leader in Communications in Boise,#N/A,#N/A,false,#N/A,#N/A,#N/A,Never,Contract Based,Same,No,false,false,#N/A,false,true,#N/A,#N/A
a606e47b-3536-4bbf-bcf6-b53cecae9a8e,#N/A,Kazu,Prospect,#N/A,1095 Ave of The Americas,New York,NY,10036-6704,United States,#N/A,#N/A,#N/A,#N/A,#N/A,#N/A,#N/A,#N/A,#N/A,#N/A,#N/A,#N/A,#N/A,#N/A,#N/A,1.212.395.1000,#N/A,#N/A,Services,#N/A,#N/A,Colonial Movers is the leader in Services in New York,#N/A,#N/A,false,#N/A,#N/A,#N/A,Never,Contract Based,Same,No,false,false,#N/A,false,true,#N/A,#N/A
a63edf52-6bad-4710-ac45-7b9611541238,#N/A,Kanoodle,Customer,#N/A,4/81 Doncaster Av,Kensington,NSW,1465,Australia,#N/A,#N/A,#N/A,#N/A,#N/A,4/81 Doncaster Av,Kensington,NSW,1465,Australia,#N/A,#N/A,#N/A,#N/A,#N/A,(02) 7112 6523,#N/A,#N/A,Media,#N/A,#N/A,Sample Company is the leader in Media in Kensington,#N/A,#N/A,false,#N/A,#N/A,#N/A,Never,Contract Based,Same,No,false,false,#N/A,false,true,#N/A,#N/A
ab64517f-1f3b-47a7-a1fd-8ecea56da292,#N/A,Eidel,Customer,#N/A,45131 Brüsseler Platz,Bavaria,Essen,#N/A,Germany,#N/A,#N/A,#N/A,#N/A,#N/A,#N/A,#N/A,#N/A,#N/A,#N/A,#N/A,#N/A,#N/A,#N/A,#N/A,#N/A,#N/A,#N/A,Government,#N/A,#N/A,Tessier-Ashpool is the leader in Government in Bavaria,#N/A,#N/A,false,#N/A,#N/A,#N/A,Never,Contract Based,Same,No,false,false,#N/A,false,true,#N/A,#N/A
acf7b700-0197-4156-ae58-17f6b388d3de,#N/A,Wikizz,Customer,#N/A,120 Park Ave FL 6,New York,NY,10017-5592,United States,#N/A,#N/A,#N/A,#N/A,#N/A,#N/A,#N/A,#N/A,#N/A,#N/A,#N/A,#N/A,#N/A,#N/A,#N/A,1.917.663.2000,#N/A,#N/A,Higher Education,#N/A,#N/A,Leza College of Engineering is the leader in Higher Education in New York,#N/A,#N/A,false,#N/A,#N/A,#N/A,Never,Contract Based,Same,No,false,false,#N/A,false,true,#N/A,#N/A
af5306f0-383e-4977-b4f7-fee0efaa1be6,#N/A,Omba,Customer,#N/A,5/19-21 Shields St,Redcliffe,QLD,4020,Australia,#N/A,#N/A,#N/A,#N/A,#N/A,5/19-21 Shields St,Redcliffe,QLD,4020,Australia,#N/A,#N/A,#N/A,#N/A,#N/A,(07) 7859 6584,#N/A,#N/A,Healthcare,#N/A,#N/A,Matt Stecklein Hospital is the leader in Healthcare in Redcliffe,#N/A,#N/A,false,#N/A,#N/A,#N/A,Never,Contract Based,Same,No,false,false,#N/A,false,true,#N/A,#N/A
afedb7fd-1301-4da6-8d73-f6be3efccf52,#N/A,Global Media,Prospect,#N/A,150 Chestnut Street,Toronto,Ontario,L4B 1Y3,Canada,#N/A,#N/A,#N/A,#N/A,#N/A,150 Chestnut Street,Toronto,Ontario,L4B 1Y3,Canada,#N/A,#N/A,#N/A,#N/A,#N/A,(905) 555-1212,#N/A,#N/A,Corporate Office,14668,#N/A,"GBM is the worldwide leader in technology news and information on the Web and the producer of the longest-running and farthest-reaching television shows about technology. GBM's network of sites combines breakthrough interactive technology with engaging content and design and is consistently ranked as the Internet's leading content network in terms of both audience size and revenue, serving millions of users each day. The company's television programming is broadcast by the USA Network and the Sci-Fi Channel to more than 70 million households and is syndicated to broadcast television stations in the nation's top 120 markets, including the top 10 markets.",#N/A,#N/A,false,#N/A,#N/A,#N/A,#N/A,#N/A,#N/A,#N/A,false,false,#N/A,false,false,#N/A,#N/A
b502b5f9-e616-4de4-92d3-c0715225ebae,#N/A,Meevee,Customer,#N/A,2200 W Don Tyson Pkwy,Springdale,AR,72762-6901,United States,#N/A,#N/A,#N/A,#N/A,#N/A,P.O. BOX 2020,Springdale,AR,72765-2020,US,#N/A,#N/A,#N/A,#N/A,#N/A,1.479.290.4000,#N/A,#N/A,Media,#N/A,#N/A,Newslync is the leader in Media in Springdale,#N/A,#N/A,false,#N/A,#N/A,#N/A,Never,Contract Based,Same,No,false,false,#N/A,false,true,#N/A,#N/A
b559cc0f-4c6c-473f-9ee4-7ad8790ef349,#N/A,Saint Mary's College,Customer,#N/A,#N/A,#N/A,IN,#N/A,#N/A,#N/A,#N/A,#N/A,#N/A,#N/A,#N/A,#N/A,#N/A,#N/A,#N/A,#N/A,#N/A,#N/A,#N/A,#N/A,#N/A,#N/A,#N/A,Education,350,#N/A,#N/A,#N/A,#N/A,false,#N/A,#N/A,#N/A,Never,Contract Based,Same,No,false,false,#N/A,false,true,#N/A,#N/A
b668ff72-3239-4524-9755-1d088e5687ae,#N/A,Topicware,Customer,#N/A,avenue Nestlé 55,Zurich,#N/A,#N/A,Switzerland,#N/A,#N/A,#N/A,#N/A,#N/A,#N/A,#N/A,#N/A,#N/A,#N/A,#N/A,#N/A,#N/A,#N/A,#N/A,#N/A,#N/A,#N/A,Healthcare,#N/A,#N/A,TSM North is the leader in Healthcare,#N/A,#N/A,false,#N/A,#N/A,#N/A,Never,Contract Based,Same,No,false,false,#N/A,false,true,#N/A,#N/A
b87dad07-fad3-444d-8f0a-6fd1d89f91fb,#N/A,Dynazzy,Customer,#N/A,100 N Tryon St Ste 220,Charlotte,NC,28202-4031,United States,#N/A,#N/A,#N/A,#N/A,#N/A,#N/A,#N/A,#N/A,#N/A,#N/A,#N/A,#N/A,#N/A,#N/A,#N/A,1.704.386.5681,#N/A,#N/A,Manufacturing,#N/A,#N/A,Velso International is the leader in Manufacturing in Charlotte,#N/A,#N/A,false,#N/A,#N/A,#N/A,Never,Contract Based,Same,No,false,false,#N/A,false,true,#N/A,#N/A
bd8358df-49a9-49db-956f-2f1ba5ed461e,#N/A,Kwimbee,Customer,#N/A,3351 Michelson Dr Ste 100,Irvine,CA,92612-0697,United States,#N/A,#N/A,#N/A,#N/A,#N/A,3351 Michelson Dr Ste 100,#N/A,#N/A,#N/A,#N/A,#N/A,#N/A,#N/A,#N/A,#N/A,1.714.566.1000,#N/A,#N/A,Technology,#N/A,#N/A,Abilitech Software Solutions is the leader in Technology in Irvine,#N/A,#N/A,false,#N/A,#N/A,#N/A,Never,Contract Based,Same,No,false,false,#N/A,false,true,#N/A,#N/A
bedbb742-81b5-422f-b1d8-e7c9efcbadea,#N/A,Layo,Customer,#N/A,1030 Delta Blvd,Atlanta,GA,30354-1989,United States,#N/A,#N/A,#N/A,#N/A,#N/A,P.O. BOX 20706,Atlanta,GA,30320-6001,US,#N/A,#N/A,#N/A,#N/A,#N/A,1.404.715.2600,#N/A,#N/A,Shipping,#N/A,#N/A,Taggart Transcontinental is the leader in Shipping in Atlanta,#N/A,#N/A,false,#N/A,#N/A,#N/A,Never,Contract Based,Same,No,false,false,#N/A,false,true,#N/A,#N/A
bf591d28-a62b-44bc-8082-c3ef0ece3886,#N/A,Camimbo,Customer,#N/A,3500 Deer Creek Road,Palo Alto,CA,35265,United States,#N/A,#N/A,#N/A,#N/A,#N/A,#N/A,#N/A,#N/A,#N/A,#N/A,#N/A,#N/A,#N/A,#N/A,#N/A,5552652358,#N/A,#N/A,Shipping,#N/A,#N/A,123 Warehousing is the leader in Shipping in Palo Alto,#N/A,#N/A,false,#N/A,#N/A,#N/A,Never,Contract Based,Same,No,false,false,#N/A,false,true,#N/A,#N/A
c0f70127-fadf-4373-b1f1-d579d21ec2d0,#N/A,Topicblab,Customer,#N/A,500 W Main St Ste 300,Louisville,KY,40202-4268,United States,#N/A,#N/A,#N/A,#N/A,#N/A,P.O. BOX 14601,Louisville,KY,40214-0601,US,#N/A,#N/A,#N/A,#N/A,#N/A,1.502.580.1000,#N/A,#N/A,Apparel,#N/A,#N/A,Ankh-Sto Associates is the leader in Apparel in Louisville,#N/A,#N/A,false,#N/A,#N/A,#N/A,Never,Contract Based,Same,No,false,false,#N/A,false,true,#N/A,#N/A
c41b226f-67f6-4c4f-bfcb-3c76d518d19a,#N/A,Browseblab,Customer,#N/A,399 Park Ave,New York,NY,10022-4699,United States,#N/A,#N/A,#N/A,#N/A,#N/A,100 North Riverside.,#N/A,#N/A,#N/A,#N/A,#N/A,#N/A,#N/A,#N/A,#N/A,1.212.559.1000,#N/A,#N/A,Manufacturing,#N/A,#N/A,Martic-Morales Corp. is the leader in Manufacturing in New York,#N/A,#N/A,false,#N/A,#N/A,#N/A,Never,Contract Based,Same,No,false,false,#N/A,false,true,#N/A,#N/A
c6917ff6-fa3a-4268-af25-9786647ad259,#N/A,Rhynyx,Customer,#N/A,120 Monument Cir Ste 200,Indianapolis,IN,46204-4902,United States,#N/A,#N/A,#N/A,#N/A,#N/A,#N/A,#N/A,#N/A,#N/A,#N/A,#N/A,#N/A,#N/A,#N/A,#N/A,1.317.488.6000,#N/A,#N/A,Consumer Goods,#N/A,#N/A,Kellerman Corp. is the leader in Consumer Goods in Indianapolis,#N/A,#N/A,false,#N/A,#N/A,#N/A,Never,Contract Based,Same,No,false,false,#N/A,false,true,#N/A,#N/A
c8b9ab84-5da9-45c7-a59d-80cd3fa87f09,#N/A,Wikibox,Prospect,#N/A,920 Sylvan Ave,Mead,CO,80547,USA,#N/A,#N/A,#N/A,#N/A,#N/A,#N/A,#N/A,#N/A,#N/A,#N/A,#N/A,#N/A,#N/A,#N/A,#N/A,#N/A,#N/A,#N/A,Communications,#N/A,#N/A,Three Waters is the leader in Communications,#N/A,#N/A,false,#N/A,#N/A,#N/A,Never,Contract Based,Same,No,false,false,#N/A,false,true,#N/A,#N/A
c91c50b4-db69-485d-bd15-dffd96652dab,#N/A,Brightdog,Customer,#N/A,3010 Briarpark Dr,Houston,TX,77042-3706,United States,#N/A,#N/A,#N/A,#N/A,#N/A,P.O. BOX 4428,Houston,TX,77210-4428,US,#N/A,#N/A,#N/A,#N/A,#N/A,1.281.293.6600,#N/A,#N/A,Hospitality,#N/A,#N/A,Your Lesiure Microtels is the leader in Hospitality in Houston,#N/A,#N/A,false,#N/A,#N/A,#N/A,Never,Contract Based,Same,No,false,false,#N/A,false,true,#N/A,#N/A
caf51328-8769-4593-893b-04e2b34a246f,#N/A,Jabberstorm,Customer,#N/A,6/10 Mount St,Hunters Hill,NSW,2110,Australia,#N/A,#N/A,#N/A,#N/A,#N/A,6/10 Mount St,Hunters Hill,NSW,2110,Australia,#N/A,#N/A,#N/A,#N/A,#N/A,(02) 6279 8265,#N/A,#N/A,Healthcare,#N/A,#N/A,CG South is the leader in Healthcare in Hunters Hill,#N/A,#N/A,false,#N/A,#N/A,#N/A,Never,Contract Based,Same,No,false,false,#N/A,false,true,#N/A,#N/A
cb99af38-cf2a-45e1-ac99-4530f0d87f7a,#N/A,Realfire,Customer,#N/A,5959 Las Colinas Blvd,Irving,TX,75039-2298,United States,#N/A,#N/A,#N/A,#N/A,#N/A,#N/A,#N/A,#N/A,#N/A,#N/A,#N/A,#N/A,#N/A,#N/A,#N/A,1.972.444.1000,#N/A,#N/A,Automotive,#N/A,#N/A,"Custom Metal, LLC is the leader in Automotive in Irving",#N/A,#N/A,false,#N/A,#N/A,#N/A,Never,Contract Based,Same,No,false,false,#N/A,false,true,#N/A,#N/A
cbb55378-658e-4ee2-8e76-62f36dad0d26,#N/A,Edgeclub,Customer,#N/A,2455 Paces Ferry Rd SE,Atlanta,GA,30339-1834,United States,#N/A,#N/A,#N/A,#N/A,#N/A,P.O. BOX 105715,Atlanta,GA,30348-5715,US,#N/A,#N/A,#N/A,#N/A,#N/A,1.770.433.8211,#N/A,#N/A,Services,#N/A,#N/A,"Cashless Systems, Inc. is the leader in Services in Atlanta",#N/A,#N/A,false,#N/A,#N/A,#N/A,Never,Contract Based,Same,No,false,false,#N/A,false,true,#N/A,#N/A
cbeb6aaa-6091-4a46-8183-34c32e7a39cf,#N/A,Avaveo,Customer,#N/A,7601 Penn Ave S,Richfield,MN,55423-3683,United States,#N/A,#N/A,#N/A,#N/A,#N/A,#N/A,#N/A,#N/A,#N/A,#N/A,#N/A,#N/A,#N/A,#N/A,#N/A,1.612.291.1000,#N/A,#N/A,Services,#N/A,#N/A,"Kustodial Services, LLC is the leader in Services in Richfield",#N/A,#N/A,false,#N/A,#N/A,#N/A,Never,Contract Based,Same,No,false,false,#N/A,false,true,#N/A,#N/A
cdabd1c4-7af7-4856-b85a-f914f125c256,#N/A,Tagopia,Customer,#N/A,1 Toyota-Cho,Tokyo,#N/A,#N/A,Japan,#N/A,#N/A,#N/A,#N/A,#N/A,4 Riverside Rd,#N/A,#N/A,#N/A,#N/A,#N/A,#N/A,#N/A,#N/A,#N/A,#N/A,#N/A,#N/A,Technology,#N/A,#N/A,Widget Corp is the leader in Technology,#N/A,#N/A,false,#N/A,#N/A,#N/A,Never,Contract Based,Same,No,false,false,#N/A,false,true,#N/A,#N/A
cf03c3af-404a-4019-b160-236aae4fbfe5,#N/A,Gevee,Prospect,#N/A,6051 Northridge Park,Houston,TX,77240,United States,#N/A,#N/A,#N/A,#N/A,#N/A,#N/A,#N/A,#N/A,#N/A,#N/A,#N/A,#N/A,#N/A,#N/A,#N/A,#N/A,#N/A,#N/A,Consulting,#N/A,#N/A,#N/A,#N/A,#N/A,false,#N/A,#N/A,#N/A,Never,Contract Based,Same,No,false,false,#N/A,false,true,#N/A,#N/A
d18d8a1f-ad3e-49e8-9d15-0f931e4a3180,#N/A,Mynte,Customer,#N/A,6/14-16 Freeman Rd,Chatswood,NSW,2057,Australia,#N/A,#N/A,#N/A,#N/A,#N/A,6/14-16 Freeman Rd,Chatswood,NSW,2057,Australia,#N/A,#N/A,#N/A,#N/A,#N/A,(02) 6453 6240,#N/A,#N/A,Government,#N/A,#N/A,Omni Consimer Products is the leader in Government in Chatswood,#N/A,#N/A,false,#N/A,#N/A,#N/A,Never,Contract Based,Same,No,false,false,#N/A,false,true,#N/A,#N/A
d1e7fe16-afbf-4b21-881a-79c9518bfc60,#N/A,Gigaclub,Customer,#N/A,57 Clifton Dr,Bacchus Marsh,VIC,3340,Australia,#N/A,#N/A,#N/A,#N/A,#N/A,57 Clifton Dr,Bacchus Marsh,VIC,3340,Australia,#N/A,#N/A,#N/A,#N/A,#N/A,(03) 6472 8807,#N/A,#N/A,Healthcare,#N/A,#N/A,PK South is the leader in Healthcare in Bacchus Marsh,#N/A,#N/A,false,#N/A,#N/A,#N/A,Never,Contract Based,Same,No,false,false,#N/A,false,true,#N/A,#N/A
d221d4bb-3efe-4d72-bf12-0751eb4a9296,#N/A,Jaxworks,Customer,#N/A,60 Columbus Cir FL 17,New York,NY,10023-5860,United States,#N/A,#N/A,#N/A,#N/A,#N/A,6/10 Mount St,#N/A,#N/A,#N/A,#N/A,#N/A,#N/A,#N/A,#N/A,#N/A,1.212.364.8200,#N/A,#N/A,Finance,#N/A,#N/A,Thrift Bank is the leader in Finance in New York,#N/A,#N/A,false,#N/A,#N/A,#N/A,Never,Contract Based,Same,No,false,false,#N/A,false,true,#N/A,#N/A
d57d8915-3e62-411b-b542-344391fd3c88,#N/A,Zoovu,Customer,#N/A,350 Collins Street,Melbourne,VIC,3000,Australia,#N/A,#N/A,#N/A,#N/A,#N/A,350 Collins Street,Melbourne,VIC,3000,Australia,#N/A,#N/A,#N/A,#N/A,#N/A,(03) 8967 7597,#N/A,#N/A,Construction,#N/A,#N/A,Extensive Enterprise is the leader in Construction in Melbourne,#N/A,#N/A,false,#N/A,#N/A,#N/A,Never,Contract Based,Same,No,false,false,#N/A,false,true,#N/A,#N/A
d6bc626e-b2a3-40d7-8dd0-36c12ca4b874,#N/A,Quinu,Customer,#N/A,7 W 7th St,Cincinnati,OH,45202-2424,United States,#N/A,#N/A,#N/A,#N/A,#N/A,701 W Georgia St,#N/A,#N/A,#N/A,#N/A,#N/A,#N/A,#N/A,#N/A,#N/A,1.513.579.7000,#N/A,#N/A,Non Profit,#N/A,#N/A,Capitol Museum of Art is the leader in Non Profit in Cincinnati,#N/A,#N/A,false,#N/A,#N/A,#N/A,Never,Contract Based,Same,No,false,false,#N/A,false,true,#N/A,#N/A
d6c6df1b-d142-4bbc-a65f-f55e76531878,#N/A,Uidoo,Customer,#N/A,115 Tabor Rd,Morris Plains,NJ,07950-2546,United States,#N/A,#N/A,#N/A,#N/A,#N/A,#N/A,#N/A,#N/A,#N/A,#N/A,#N/A,#N/A,#N/A,#N/A,#N/A,1.973.455.2000,#N/A,#N/A,Energy,#N/A,#N/A,Jupiter Consulting is the leader in Energy in Morris Plains,#N/A,#N/A,false,#N/A,#N/A,#N/A,Never,Contract Based,Same,No,false,false,#N/A,false,true,#N/A,#N/A
d743336f-4ead-4ddb-986c-8c3629e0e8a0,#N/A,Podcat,Prospect,#N/A,356 Ocean View Rd,Ettalong Beach,NSW,2257,Australia,#N/A,#N/A,#N/A,#N/A,#N/A,356 Ocean View Rd,Ettalong Beach,NSW,2257,Australia,#N/A,#N/A,#N/A,#N/A,#N/A,(02) 7575 8703,#N/A,#N/A,Retail,#N/A,#N/A,Mainway Toys is the leader in Retail in Ettalong Beach,#N/A,#N/A,false,#N/A,#N/A,#N/A,Never,Contract Based,Same,No,false,false,#N/A,false,true,#N/A,#N/A
d8278d26-4a4a-4dc6-8a34-9d99b5469581,#N/A,Realbridge,Prospect,#N/A,50 Loch Av,Ballarat Central,VIC,3350,Australia,#N/A,#N/A,#N/A,#N/A,#N/A,50 Loch Av,Ballarat Central,VIC,3350,Australia,#N/A,#N/A,#N/A,#N/A,#N/A,(03) 8300 7460,#N/A,#N/A,Manufacturing,#N/A,#N/A,Incom Corporation is the leader in Manufacturing in Ballarat Central,#N/A,#N/A,false,#N/A,#N/A,#N/A,Never,Contract Based,Same,No,false,false,#N/A,false,true,#N/A,#N/A
d85202b5-5ab4-4d1d-9118-2a29fcded4c5,#N/A,Aivee,Customer,#N/A,Wittelsbacherplatz 2,Bavaria,Munich,80333,Germany,#N/A,#N/A,#N/A,#N/A,#N/A,6/10 Mount St,#N/A,#N/A,#N/A,#N/A,#N/A,#N/A,#N/A,#N/A,#N/A,#N/A,#N/A,#N/A,Banking,#N/A,#N/A,Virtucon is the leader in Banking in Bavaria,#N/A,#N/A,false,#N/A,#N/A,#N/A,Never,Contract Based,Same,No,false,false,#N/A,false,true,#N/A,#N/A
d951558e-10e8-44a8-a8b3-af00f3eb500f,#N/A,Landmark Cinemas,Prospect,#N/A,#N/A,#N/A,#N/A,#N/A,#N/A,#N/A,#N/A,#N/A,#N/A,#N/A,#N/A,#N/A,#N/A,#N/A,#N/A,#N/A,#N/A,#N/A,#N/A,#N/A,#N/A,#N/A,#N/A,Entertainment,850,#N/A,#N/A,#N/A,#N/A,false,#N/A,#N/A,#N/A,Never,Contract Based,Same,No,false,false,#N/A,false,true,#N/A,#N/A
db97d66d-1e0b-4e65-8b5e-b75f26a48f1d,#N/A,Jaxspan,Prospect,#N/A,67 Como Pde,Como,NSW,2226,Australia,#N/A,#N/A,#N/A,#N/A,#N/A,67 Como Pde,Como,NSW,2226,Australia,#N/A,#N/A,#N/A,#N/A,#N/A,(02) 6849 6177,#N/A,#N/A,Consulting,#N/A,#N/A,Megadodo Publications is the leader in Consulting in Como,#N/A,#N/A,false,#N/A,#N/A,#N/A,Never,Contract Based,Same,No,false,false,#N/A,false,true,#N/A,#N/A
dc02d11a-c625-4c56-8d95-7502ba363da1,#N/A,Notified,#N/A,#N/A,#N/A,#N/A,#N/A,#N/A,#N/A,#N/A,#N/A,#N/A,#N/A,#N/A,#N/A,#N/A,#N/A,#N/A,#N/A,#N/A,#N/A,#N/A,#N/A,#N/A,#N/A,#N/A,#N/A,#N/A,#N/A,#N/A,#N/A,#N/A,#N/A,false,#N/A,#N/A,#N/A,Never,Contract Based,Same,No,false,false,#N/A,false,true,#N/A,#N/A
dc2f4f67-973e-4846-a20f-9e50c8370b4d,#N/A,TrakCel 1/24,#N/A,#N/A,#N/A,#N/A,#N/A,#N/A,#N/A,#N/A,#N/A,#N/A,#N/A,#N/A,#N/A,#N/A,#N/A,#N/A,#N/A,#N/A,#N/A,#N/A,#N/A,#N/A,#N/A,#N/A,#N/A,#N/A,#N/A,#N/A,#N/A,#N/A,#N/A,false,#N/A,#N/A,#N/A,Never,Contract Based,Same,No,false,false,#N/A,false,true,#N/A,#N/A
e470b34f-02f6-4acd-9fdd-116680c39b2b,#N/A,Twimm,Prospect,#N/A,10/33-37 Gannons Rd,Caringbah,NSW,1495,Australia,#N/A,#N/A,#N/A,#N/A,#N/A,10/33-37 Gannons Rd,Caringbah,NSW,1495,Australia,#N/A,#N/A,#N/A,#N/A,#N/A,(02) 6905 6165,#N/A,#N/A,Healthcare,#N/A,#N/A,Nick Ciapetta Hospital is the leader in Healthcare in Caringbah,#N/A,#N/A,false,#N/A,#N/A,#N/A,Never,Contract Based,Same,No,false,false,#N/A,false,true,#N/A,#N/A
e70d0e8a-ac9c-4d74-96e4-9c7e8a985d5f,#N/A,Shake Shack,Customer,#N/A,#N/A,#N/A,#N/A,#N/A,#N/A,#N/A,#N/A,#N/A,#N/A,#N/A,#N/A,#N/A,#N/A,#N/A,#N/A,#N/A,#N/A,#N/A,#N/A,#N/A,#N/A,#N/A,#N/A,Restaurant,#N/A,#N/A,#N/A,#N/A,#N/A,false,#N/A,#N/A,#N/A,Never,Contract Based,Same,No,false,false,#N/A,false,true,#N/A,#N/A
e7f1ac55-792d-4024-9b0f-66e250f52604,#N/A,Eadel,Customer,#N/A,208 S Akard St,Dallas,TX,75202-4295,United States,#N/A,#N/A,#N/A,#N/A,#N/A,#N/A,#N/A,#N/A,#N/A,#N/A,#N/A,#N/A,#N/A,#N/A,#N/A,1.210.821.4105,#N/A,#N/A,Automotive,#N/A,#N/A,"Regal Machine, Inc. is the leader in Automotive in Dallas",#N/A,#N/A,false,#N/A,#N/A,#N/A,Never,Contract Based,Same,No,false,false,#N/A,false,true,#N/A,#N/A
ebcd2db4-7c06-4fdd-9cc5-4cb4582bb147,#N/A,Dynabox,Prospect,#N/A,28a College Rd S,Riverview,NSW,2066,Australia,#N/A,#N/A,#N/A,#N/A,#N/A,28a College Rd S,Riverview,NSW,2066,Australia,#N/A,#N/A,#N/A,#N/A,#N/A,(02) 8954 8573,#N/A,#N/A,Manufacturing,#N/A,#N/A,QWERTY Logistics is the leader in Manufacturing in Riverview,#N/A,#N/A,false,#N/A,#N/A,#N/A,Never,Contract Based,Same,No,false,false,#N/A,false,true,#N/A,#N/A
edb93323-3ab0-4115-9081-114bd6bfd23a,#N/A,Digitube,Prospect,#N/A,1295 State St,Springfield,MA,01111-0001,United States,#N/A,#N/A,#N/A,#N/A,#N/A,#N/A,#N/A,#N/A,#N/A,#N/A,#N/A,#N/A,#N/A,#N/A,#N/A,1.413.788.8411,#N/A,#N/A,Manufacturing,#N/A,#N/A,Sirius Cybernetics Corporation is the leader in Manufacturing in Springfield,#N/A,#N/A,false,#N/A,#N/A,#N/A,Never,Contract Based,Same,No,false,false,#N/A,false,true,#N/A,#N/A
efde0613-0606-490f-a795-14d7f5dd98c5,#N/A,Zoomcast,Prospect,#N/A,1 Express Way,Saint Louis,MO,63121-1824,United States,#N/A,#N/A,#N/A,#N/A,#N/A,#N/A,#N/A,#N/A,#N/A,#N/A,#N/A,#N/A,#N/A,#N/A,#N/A,1.314.996.0900,#N/A,#N/A,Retail,#N/A,#N/A,Rhapsodic AG is the leader in Retail in Saint Louis,#N/A,#N/A,false,#N/A,#N/A,#N/A,Never,Contract Based,Same,No,false,false,#N/A,false,true,#N/A,#N/A
f1ff082b-686f-44b4-a60c-115fc5acb3c3,#N/A,Shuffletag,Customer,#N/A,1 Post St FL 18,San Francisco,CA,94104-5284,United States,#N/A,#N/A,#N/A,#N/A,#N/A,3003 E 3rd Ave #201,#N/A,#N/A,#N/A,#N/A,#N/A,#N/A,#N/A,#N/A,#N/A,1.415.983.8300,#N/A,#N/A,Non Profit,#N/A,#N/A,Save the Wild is the leader in Non Profit in San Francisco,#N/A,#N/A,false,#N/A,#N/A,#N/A,Never,Contract Based,Same,No,false,false,#N/A,false,true,#N/A,#N/A
f397bda6-61c8-4b50-a661-180aec6e86ad,#N/A,Fiveclub,Customer,#N/A,1014 Vine St Ste 1000,Cincinnati,OH,45202-1100,United States,#N/A,#N/A,#N/A,#N/A,#N/A,#N/A,#N/A,#N/A,#N/A,#N/A,#N/A,#N/A,#N/A,#N/A,#N/A,1.513.762.4000,#N/A,#N/A,Higher Education,#N/A,#N/A,Hagan University is the leader in Higher Education in Cincinnati,#N/A,#N/A,false,#N/A,#N/A,#N/A,Never,Contract Based,Same,No,false,false,#N/A,false,true,#N/A,#N/A
f3f54a84-6f83-4a94-bce8-066375fb1e50,#N/A,Flipbug,Prospect,#N/A,"1006, Oaza Kadoma",Osaka,#N/A,#N/A,Japan,#N/A,#N/A,#N/A,#N/A,#N/A,#N/A,#N/A,#N/A,#N/A,#N/A,#N/A,#N/A,#N/A,#N/A,#N/A,#N/A,#N/A,#N/A,Healthcare,#N/A,#N/A,TSM South is the leader in Healthcare,#N/A,#N/A,false,#N/A,#N/A,#N/A,Never,Contract Based,Same,No,false,false,#N/A,false,true,#N/A,#N/A
f5d55947-3702-44f3-8eab-4c88dfdba642,#N/A,Vipe,Prospect,#N/A,1100 Louisiana St FL 10,Houston,TX,77002-5432,United States,#N/A,#N/A,#N/A,#N/A,#N/A,P.O. BOX 4324,Houston,TX,77210-4324,US,#N/A,#N/A,#N/A,#N/A,#N/A,1.713.381.6500,#N/A,#N/A,Healthcare,#N/A,#N/A,Sylvia Birungi Hospital is the leader in Healthcare in Houston,#N/A,#N/A,false,#N/A,#N/A,#N/A,Never,Contract Based,Same,No,false,false,#N/A,false,true,#N/A,#N/A
f6333c4a-527d-4c6b-b52e-32d8440d850f,#N/A,Tavu,Prospect,#N/A,7 Dartmoor Dr,Cranbourne East,VIC,3977,Australia,#N/A,#N/A,#N/A,#N/A,#N/A,7 Dartmoor Dr,Cranbourne East,VIC,3977,Australia,#N/A,#N/A,#N/A,#N/A,#N/A,(03) 6820 8401,#N/A,#N/A,Engineering,#N/A,#N/A,Milliways is the leader in Engineering in Cranbourne East,#N/A,#N/A,false,#N/A,#N/A,#N/A,Never,Contract Based,Same,No,false,false,#N/A,false,true,#N/A,#N/A
f6af3d53-5e4e-4cea-9806-a21abc65af2b,#N/A,Trunyx,Prospect,#N/A,420 Montgomery St Frnt,San Francisco,CA,94104-1205,United States,#N/A,#N/A,#N/A,#N/A,#N/A,420 Montgomery St Frnt,#N/A,#N/A,#N/A,#N/A,#N/A,#N/A,#N/A,#N/A,#N/A,1.866.878.5865,#N/A,#N/A,Financial Services,#N/A,#N/A,Cryptocurrents is the leader in Financial Services in San Francisco,#N/A,#N/A,false,#N/A,#N/A,#N/A,Never,Contract Based,Same,No,false,false,#N/A,false,true,#N/A,#N/A
f75098c9-db79-4f45-99e2-50176baf6daf,#N/A,Flashset,Prospect,#N/A,4 Weeping Birch Crossing,Carson City,NV,89714,United States,#N/A,#N/A,#N/A,#N/A,#N/A,#N/A,#N/A,#N/A,#N/A,#N/A,#N/A,#N/A,#N/A,#N/A,#N/A,#N/A,#N/A,#N/A,Consulting,#N/A,#N/A,#N/A,#N/A,#N/A,false,#N/A,#N/A,#N/A,Never,Contract Based,Same,No,false,false,#N/A,false,true,#N/A,#N/A
f8c32c41-3ce2-46f4-8952-52159bf5d6b9,#N/A,Yozio,Customer,#N/A,Friedrich-Ebert-Allee 140,Berlin,Berlin,#N/A,Germany,#N/A,#N/A,#N/A,#N/A,#N/A,#N/A,#N/A,#N/A,#N/A,#N/A,#N/A,#N/A,#N/A,#N/A,#N/A,#N/A,#N/A,#N/A,Healthcare,#N/A,#N/A,Tara Shea Micko Hospital is the leader in Healthcare in Berlin,#N/A,#N/A,false,#N/A,#N/A,#N/A,Never,Contract Based,Same,No,false,false,#N/A,false,true,#N/A,#N/A
fa1f59b6-baeb-46d0-9fb8-e94cfaa878d3,#N/A,Kamba,Prospect,#N/A,2030 Dow Ctr,Midland,MI,48674-1500,United States,#N/A,#N/A,#N/A,#N/A,#N/A,#N/A,#N/A,#N/A,#N/A,#N/A,#N/A,#N/A,#N/A,#N/A,#N/A,1.989.636.1000,#N/A,#N/A,Technology,#N/A,#N/A,Computico Labs is the leader in Technology in Midland,#N/A,#N/A,false,#N/A,#N/A,#N/A,Never,Contract Based,Same,No,false,false,#N/A,false,true,#N/A,#N/A
fa522d04-105c-4ae1-8e04-b716a1e04e7e,#N/A,Topicstorm,Customer,#N/A,1701 JFK Blvd,Philadelphia,PA,19103-2838,United States,#N/A,#N/A,#N/A,#N/A,#N/A,#N/A,#N/A,#N/A,#N/A,#N/A,#N/A,#N/A,#N/A,#N/A,#N/A,1.215.286.1700,#N/A,#N/A,Technology,#N/A,#N/A,Initech is the leader in Technology in Philadelphia,#N/A,#N/A,false,#N/A,#N/A,#N/A,Never,Contract Based,Same,No,false,false,#N/A,false,true,#N/A,#N/A
fa66e686-a9d0-4294-a002-4e5eed6aaa7a,#N/A,McDonalds,Prospect,#N/A,#N/A,#N/A,#N/A,#N/A,#N/A,#N/A,#N/A,#N/A,#N/A,#N/A,#N/A,#N/A,#N/A,#N/A,#N/A,#N/A,#N/A,#N/A,#N/A,#N/A,#N/A,#N/A,#N/A,Restaurant,205000,#N/A,#N/A,#N/A,#N/A,false,#N/A,#N/A,#N/A,Never,Contract Based,Same,No,false,false,#N/A,false,true,#N/A,#N/A
fac2c8f6-07bf-4cc2-a4df-6a0b9359521d,#N/A,DabZ,Prospect,#N/A,200 Park Ave FL 1200,New York,NY,10166-0188,United States,#N/A,#N/A,#N/A,#N/A,#N/A,#N/A,#N/A,#N/A,#N/A,#N/A,#N/A,#N/A,#N/A,#N/A,#N/A,1.212.578.2211,#N/A,#N/A,Communications,#N/A,#N/A,Synaptic Networking Solutions is the leader in Communications in New York,#N/A,#N/A,false,#N/A,#N/A,#N/A,Never,Contract Based,Same,No,false,false,#N/A,false,true,#N/A,#N/A
fbe82b49-3600-48c7-8ea5-797304010915,#N/A,Plambee,Customer,#N/A,75716,Paris,Paris,#N/A,France,#N/A,#N/A,#N/A,#N/A,#N/A,#N/A,#N/A,#N/A,#N/A,#N/A,#N/A,#N/A,#N/A,#N/A,#N/A,#N/A,#N/A,#N/A,Agriculture,#N/A,#N/A,Sto Plains Holdings is the leader in Agriculture in Paris,#N/A,#N/A,false,#N/A,#N/A,#N/A,Never,Contract Based,Same,No,false,false,#N/A,false,true,#N/A,#N/A
fcb50842-1311-422f-9d5d-77db7ce3073e,#N/A,Eamia,Customer,#N/A,2/2 Bowns Rd,Kogarah,NSW,2217,Australia,#N/A,#N/A,#N/A,#N/A,#N/A,2/2 Bowns Rd,Kogarah,NSW,2217,Australia,#N/A,#N/A,#N/A,#N/A,#N/A,(02) 8850 8728,#N/A,#N/A,Communications,#N/A,#N/A,Burleigh and Stronginthearm is the leader in Communications in Kogarah,#N/A,#N/A,false,#N/A,#N/A,#N/A,Never,Contract Based,Same,No,false,false,#N/A,false,true,#N/A,#N/A
fe97ab7b-e964-44a8-92df-10f00eda8636,#N/A,Thoughtblab,Prospect,#N/A,5898 Superior Street,Danbury,CT,6816,United States,#N/A,#N/A,#N/A,#N/A,#N/A,#N/A,#N/A,#N/A,#N/A,#N/A,#N/A,#N/A,#N/A,#N/A,#N/A,#N/A,#N/A,#N/A,Insurance,#N/A,#N/A,#N/A,#N/A,#N/A,false,#N/A,#N/A,#N/A,Never,Contract Based,Same,No,false,false,#N/A,false,true,#N/A,#N/A
5a9fb3c5-1e28-4782-b6a2-712448e82e39,#N/A,Global Media,Prospect,#N/A,150 Chestnut Street,Toronto,Ontario,L4B 1Y3,Canada,#N/A,#N/A,#N/A,#N/A,#N/A,150 Chestnut Street,Toronto,Ontario,L4B 1Y3,Canada,#N/A,#N/A,#N/A,#N/A,#N/A,(905) 555-1212,#N/A,#N/A,Corporate Office,14668,#N/A,"GBM is the worldwide leader in technology news and information on the Web and the producer of the longest-running and farthest-reaching television shows about technology. GBM's network of sites combines breakthrough interactive technology with engaging content and design and is consistently ranked as the Internet's leading content network in terms of both audience size and revenue, serving millions of users each day. The company's television programming is broadcast by the USA Network and the Sci-Fi Channel to more than 70 million households and is syndicated to broadcast television stations in the nation's top 120 markets, including the top 10 markets.",#N/A,#N/A,false,#N/A,#N/A,#N/A,#N/A,#N/A,#N/A,#N/A,false,false,#N/A,false,false,#N/A,#N/A
d15f37bb-1910-4ee0-bf1d-d251b48412a7,#N/A,Acme,Prospect,95f4b21b-de08-41ed-817c-039cd76bccc8,10 Main Rd.,New York,NY,31349,USA,NY,US,#N/A,#N/A,#N/A,10 Main Rd.,New York,NY,31349,USA,NY,US,#N/A,#N/A,#N/A,1 (800) 667-6389,#N/A,#N/A,Manufacturing,680,#N/A,#N/A,USD,false,false,#N/A,#N/A,#N/A,#N/A,#N/A,#N/A,#N/A,false,false,#N/A,false,false,#N/A,#N/A
